SET session_replication_role = replica;

--
-- PostgreSQL database dump
--

-- \restrict Bbk1TwKi21hHTNwPjCuDCbjW64Q634DmpY2dX2ybKwFud1dadcDgRgcRLnv6lMW

-- Dumped from database version 17.6
-- Dumped by pg_dump version 17.6

SET statement_timeout = 0;
SET lock_timeout = 0;
SET idle_in_transaction_session_timeout = 0;
SET transaction_timeout = 0;
SET client_encoding = 'UTF8';
SET standard_conforming_strings = on;
SELECT pg_catalog.set_config('search_path', '', false);
SET check_function_bodies = false;
SET xmloption = content;
SET client_min_messages = warning;
SET row_security = off;

--
-- Data for Name: audit_log_entries; Type: TABLE DATA; Schema: auth; Owner: supabase_auth_admin
--



--
-- Data for Name: custom_oauth_providers; Type: TABLE DATA; Schema: auth; Owner: supabase_auth_admin
--



--
-- Data for Name: flow_state; Type: TABLE DATA; Schema: auth; Owner: supabase_auth_admin
--



--
-- Data for Name: users; Type: TABLE DATA; Schema: auth; Owner: supabase_auth_admin
--

INSERT INTO "auth"."users" ("instance_id", "id", "aud", "role", "email", "encrypted_password", "email_confirmed_at", "invited_at", "confirmation_token", "confirmation_sent_at", "recovery_token", "recovery_sent_at", "email_change_token_new", "email_change", "email_change_sent_at", "last_sign_in_at", "raw_app_meta_data", "raw_user_meta_data", "is_super_admin", "created_at", "updated_at", "phone", "phone_confirmed_at", "phone_change", "phone_change_token", "phone_change_sent_at", "email_change_token_current", "email_change_confirm_status", "banned_until", "reauthentication_token", "reauthentication_sent_at", "is_sso_user", "deleted_at", "is_anonymous") VALUES
	('00000000-0000-0000-0000-000000000000', '47811962-ed25-48a4-8505-16415e192062', 'authenticated', 'authenticated', 'nico@gmail.com', '$2a$10$Amc064y3M97ZDzvXwXH3hOC/OWiMOOh/3aesY3oIHTcrXQKyYtjua', '2026-06-27 00:49:46.326501+00', NULL, '', NULL, '', NULL, '', '', NULL, '2026-06-27 00:49:46.333217+00', '{"provider": "email", "providers": ["email"]}', '{"sub": "47811962-ed25-48a4-8505-16415e192062", "email": "nico@gmail.com", "email_verified": true, "phone_verified": false}', NULL, '2026-06-27 00:49:46.312571+00', '2026-06-27 00:49:46.335274+00', NULL, NULL, '', '', NULL, '', 0, NULL, '', NULL, false, NULL, false),
	('00000000-0000-0000-0000-000000000000', '645e5c95-604d-402a-ad7b-6329be673d83', 'authenticated', 'authenticated', 'kaka@gmail.com', '$2a$10$fUARRHquyuNLGZSrk/a74epkiUaCcoEs929dwkwPC.CsEAS8jzwtS', '2026-06-27 00:56:03.916089+00', NULL, '', NULL, '', NULL, '', '', NULL, '2026-06-27 00:56:03.921197+00', '{"provider": "email", "providers": ["email"]}', '{"sub": "645e5c95-604d-402a-ad7b-6329be673d83", "email": "kaka@gmail.com", "email_verified": true, "phone_verified": false}', NULL, '2026-06-27 00:56:03.889503+00', '2026-06-27 00:56:03.926113+00', NULL, NULL, '', '', NULL, '', 0, NULL, '', NULL, false, NULL, false),
	('00000000-0000-0000-0000-000000000000', '7ed8379d-e149-4301-8775-95acabfb53ee', 'authenticated', 'authenticated', 'diogenespuig@gmail.com', '$2a$10$kUFkRFU3Wczx5GzZ7oz2bOJfz3OXOD/JKa67hRSs5SIMNLsquXPea', '2026-06-20 01:42:02.788669+00', NULL, '', '2026-06-20 01:40:38.182382+00', '', NULL, '', '', NULL, '2026-07-06 17:43:54.720868+00', '{"provider": "email", "providers": ["email", "google"]}', '{"iss": "https://accounts.google.com", "sub": "113362902574563117785", "name": "Diogenes puig", "email": "diogenespuig@gmail.com", "picture": "https://lh3.googleusercontent.com/a/ACg8ocLrZ1qScf8Sg-p7g6nJ-u8r8Fg2iy77WKvDAqNpLyu14eq_eXmq=s96-c", "full_name": "Diogenes puig", "avatar_url": "https://lh3.googleusercontent.com/a/ACg8ocLrZ1qScf8Sg-p7g6nJ-u8r8Fg2iy77WKvDAqNpLyu14eq_eXmq=s96-c", "provider_id": "113362902574563117785", "email_verified": true, "phone_verified": false}', NULL, '2026-06-20 01:40:38.154376+00', '2026-07-12 14:54:37.152537+00', NULL, NULL, '', '', NULL, '', 0, NULL, '', NULL, false, NULL, false),
	('00000000-0000-0000-0000-000000000000', '2e15b22b-e533-48bc-8385-fceaa0817a30', 'authenticated', 'authenticated', 'lmdpuig@gmail.com', NULL, '2026-07-09 15:17:10.789779+00', NULL, '', NULL, '', NULL, '', '', NULL, '2026-07-09 15:17:10.798849+00', '{"provider": "google", "providers": ["google"]}', '{"iss": "https://accounts.google.com", "sub": "102333295267442931794", "name": "Lucas Puig", "email": "lmdpuig@gmail.com", "picture": "https://lh3.googleusercontent.com/a/ACg8ocKlU_xdV-glhRu9MdGd-0IXkwPKgFsE3lTrDyutYB51L5AwKw=s96-c", "full_name": "Lucas Puig", "avatar_url": "https://lh3.googleusercontent.com/a/ACg8ocKlU_xdV-glhRu9MdGd-0IXkwPKgFsE3lTrDyutYB51L5AwKw=s96-c", "provider_id": "102333295267442931794", "email_verified": true, "phone_verified": false}', NULL, '2026-07-09 15:17:10.758231+00', '2026-07-09 15:17:10.812186+00', NULL, NULL, '', '', NULL, '', 0, NULL, '', NULL, false, NULL, false),
	('00000000-0000-0000-0000-000000000000', 'ef9646f4-2fbc-4d88-87a0-ed218bb96475', 'authenticated', 'authenticated', 'feli.carrizo@mi.unc.edu.ar', NULL, '2026-07-09 17:51:52.659959+00', NULL, '', NULL, '', NULL, '', '', NULL, '2026-07-09 17:51:52.665437+00', '{"provider": "google", "providers": ["google"]}', '{"iss": "https://accounts.google.com", "sub": "109976984867075456123", "name": "Felipe Maximiliano Carrizo", "email": "feli.carrizo@mi.unc.edu.ar", "picture": "https://lh3.googleusercontent.com/a/ACg8ocLcqlJo5Qebt7AvRNIS2SWxVqR_MsQSCyqr3D6XJ2jhdd1_fg=s96-c", "full_name": "Felipe Maximiliano Carrizo", "avatar_url": "https://lh3.googleusercontent.com/a/ACg8ocLcqlJo5Qebt7AvRNIS2SWxVqR_MsQSCyqr3D6XJ2jhdd1_fg=s96-c", "provider_id": "109976984867075456123", "custom_claims": {"hd": "mi.unc.edu.ar"}, "email_verified": true, "phone_verified": false}', NULL, '2026-07-09 17:51:52.64278+00', '2026-07-09 17:51:52.675402+00', NULL, NULL, '', '', NULL, '', 0, NULL, '', NULL, false, NULL, false),
	('00000000-0000-0000-0000-000000000000', 'd0d81f90-913d-4356-8e34-9986c1f3ab28', 'authenticated', 'authenticated', 'hermespuig10@gmail.com', NULL, '2026-07-09 18:20:37.572637+00', NULL, '', NULL, '', NULL, '', '', NULL, '2026-07-09 18:20:37.58067+00', '{"provider": "google", "providers": ["google"]}', '{"iss": "https://accounts.google.com", "sub": "107620844412715332779", "name": "PUIG Hermes", "email": "hermespuig10@gmail.com", "picture": "https://lh3.googleusercontent.com/a/ACg8ocKrUnncaoCpcEgTzwhRw2YVsiMXrpzVDALdMaYlp7cT-zlgG_47=s96-c", "full_name": "PUIG Hermes", "avatar_url": "https://lh3.googleusercontent.com/a/ACg8ocKrUnncaoCpcEgTzwhRw2YVsiMXrpzVDALdMaYlp7cT-zlgG_47=s96-c", "provider_id": "107620844412715332779", "email_verified": true, "phone_verified": false}', NULL, '2026-07-09 18:20:37.544724+00', '2026-07-09 18:20:37.60429+00', NULL, NULL, '', '', NULL, '', 0, NULL, '', NULL, false, NULL, false);


--
-- Data for Name: identities; Type: TABLE DATA; Schema: auth; Owner: supabase_auth_admin
--

INSERT INTO "auth"."identities" ("provider_id", "user_id", "identity_data", "provider", "last_sign_in_at", "created_at", "updated_at", "id") VALUES
	('7ed8379d-e149-4301-8775-95acabfb53ee', '7ed8379d-e149-4301-8775-95acabfb53ee', '{"sub": "7ed8379d-e149-4301-8775-95acabfb53ee", "email": "diogenespuig@gmail.com", "email_verified": true, "phone_verified": false}', 'email', '2026-06-20 01:40:38.176119+00', '2026-06-20 01:40:38.176172+00', '2026-06-20 01:40:38.176172+00', '2e3be7bc-2e6c-41d2-92d3-689145be34ac'),
	('47811962-ed25-48a4-8505-16415e192062', '47811962-ed25-48a4-8505-16415e192062', '{"sub": "47811962-ed25-48a4-8505-16415e192062", "email": "nico@gmail.com", "email_verified": false, "phone_verified": false}', 'email', '2026-06-27 00:49:46.323654+00', '2026-06-27 00:49:46.323701+00', '2026-06-27 00:49:46.323701+00', 'be1fb97f-ae60-4a63-80a1-de34435282cb'),
	('645e5c95-604d-402a-ad7b-6329be673d83', '645e5c95-604d-402a-ad7b-6329be673d83', '{"sub": "645e5c95-604d-402a-ad7b-6329be673d83", "email": "kaka@gmail.com", "email_verified": false, "phone_verified": false}', 'email', '2026-06-27 00:56:03.911262+00', '2026-06-27 00:56:03.911329+00', '2026-06-27 00:56:03.911329+00', 'c0611b27-99c7-41cc-9e71-b4905482d69a'),
	('113362902574563117785', '7ed8379d-e149-4301-8775-95acabfb53ee', '{"iss": "https://accounts.google.com", "sub": "113362902574563117785", "name": "Diogenes puig", "email": "diogenespuig@gmail.com", "picture": "https://lh3.googleusercontent.com/a/ACg8ocLrZ1qScf8Sg-p7g6nJ-u8r8Fg2iy77WKvDAqNpLyu14eq_eXmq=s96-c", "full_name": "Diogenes puig", "avatar_url": "https://lh3.googleusercontent.com/a/ACg8ocLrZ1qScf8Sg-p7g6nJ-u8r8Fg2iy77WKvDAqNpLyu14eq_eXmq=s96-c", "provider_id": "113362902574563117785", "email_verified": true, "phone_verified": false}', 'google', '2026-06-27 01:28:01.049475+00', '2026-06-27 01:28:01.049531+00', '2026-07-06 17:43:54.716515+00', '38681e82-ded7-4d92-92e0-3fb6aa3d77c6'),
	('102333295267442931794', '2e15b22b-e533-48bc-8385-fceaa0817a30', '{"iss": "https://accounts.google.com", "sub": "102333295267442931794", "name": "Lucas Puig", "email": "lmdpuig@gmail.com", "picture": "https://lh3.googleusercontent.com/a/ACg8ocKlU_xdV-glhRu9MdGd-0IXkwPKgFsE3lTrDyutYB51L5AwKw=s96-c", "full_name": "Lucas Puig", "avatar_url": "https://lh3.googleusercontent.com/a/ACg8ocKlU_xdV-glhRu9MdGd-0IXkwPKgFsE3lTrDyutYB51L5AwKw=s96-c", "provider_id": "102333295267442931794", "email_verified": true, "phone_verified": false}', 'google', '2026-07-09 15:17:10.780907+00', '2026-07-09 15:17:10.780959+00', '2026-07-09 15:17:10.780959+00', '53fb18d1-1a79-42f3-a075-1820340f2519'),
	('109976984867075456123', 'ef9646f4-2fbc-4d88-87a0-ed218bb96475', '{"iss": "https://accounts.google.com", "sub": "109976984867075456123", "name": "Felipe Maximiliano Carrizo", "email": "feli.carrizo@mi.unc.edu.ar", "picture": "https://lh3.googleusercontent.com/a/ACg8ocLcqlJo5Qebt7AvRNIS2SWxVqR_MsQSCyqr3D6XJ2jhdd1_fg=s96-c", "full_name": "Felipe Maximiliano Carrizo", "avatar_url": "https://lh3.googleusercontent.com/a/ACg8ocLcqlJo5Qebt7AvRNIS2SWxVqR_MsQSCyqr3D6XJ2jhdd1_fg=s96-c", "provider_id": "109976984867075456123", "custom_claims": {"hd": "mi.unc.edu.ar"}, "email_verified": true, "phone_verified": false}', 'google', '2026-07-09 17:51:52.654443+00', '2026-07-09 17:51:52.654492+00', '2026-07-09 17:51:52.654492+00', '025b651e-6165-4f4d-a0e1-d8d7be48b514'),
	('107620844412715332779', 'd0d81f90-913d-4356-8e34-9986c1f3ab28', '{"iss": "https://accounts.google.com", "sub": "107620844412715332779", "name": "PUIG Hermes", "email": "hermespuig10@gmail.com", "picture": "https://lh3.googleusercontent.com/a/ACg8ocKrUnncaoCpcEgTzwhRw2YVsiMXrpzVDALdMaYlp7cT-zlgG_47=s96-c", "full_name": "PUIG Hermes", "avatar_url": "https://lh3.googleusercontent.com/a/ACg8ocKrUnncaoCpcEgTzwhRw2YVsiMXrpzVDALdMaYlp7cT-zlgG_47=s96-c", "provider_id": "107620844412715332779", "email_verified": true, "phone_verified": false}', 'google', '2026-07-09 18:20:37.563703+00', '2026-07-09 18:20:37.563767+00', '2026-07-09 18:20:37.563767+00', '7c5c5088-1883-4768-9fda-effa9d980454');


--
-- Data for Name: instances; Type: TABLE DATA; Schema: auth; Owner: supabase_auth_admin
--



--
-- Data for Name: oauth_clients; Type: TABLE DATA; Schema: auth; Owner: supabase_auth_admin
--



--
-- Data for Name: sessions; Type: TABLE DATA; Schema: auth; Owner: supabase_auth_admin
--

INSERT INTO "auth"."sessions" ("id", "user_id", "created_at", "updated_at", "factor_id", "aal", "not_after", "refreshed_at", "user_agent", "ip", "tag", "oauth_client_id", "refresh_token_hmac_key", "refresh_token_counter", "scopes") VALUES
	('b7f65f85-ac9f-4756-bd75-de86d1159b26', 'ef9646f4-2fbc-4d88-87a0-ed218bb96475', '2026-07-09 17:51:52.666591+00', '2026-07-09 17:51:52.666591+00', NULL, 'aal1', NULL, NULL, 'Mozilla/5.0 (Windows NT 10.0; Win64; x64) AppleWebKit/537.36 (KHTML, like Gecko) Chrome/150.0.0.0 Safari/537.36', '186.158.33.82', NULL, NULL, NULL, NULL, NULL),
	('99b259e3-4e5c-4e13-9f7c-f35f3acaf41a', 'd0d81f90-913d-4356-8e34-9986c1f3ab28', '2026-07-09 18:20:37.581878+00', '2026-07-09 18:20:37.581878+00', NULL, 'aal1', NULL, NULL, 'Mozilla/5.0 (iPhone; CPU iPhone OS 18_7 like Mac OS X) AppleWebKit/605.1.15 (KHTML, like Gecko) Version/26.5 Mobile/15E148 Safari/604.1', '190.195.27.141', NULL, NULL, NULL, NULL, NULL),
	('fd38441b-3c70-4856-bf1f-73f5498483c3', '7ed8379d-e149-4301-8775-95acabfb53ee', '2026-07-06 17:43:54.720958+00', '2026-07-12 14:54:37.168416+00', NULL, 'aal1', NULL, '2026-07-12 14:54:37.168309', 'Mozilla/5.0 (Windows NT 10.0; Win64; x64) AppleWebKit/537.36 (KHTML, like Gecko) Chrome/148.0.0.0 Safari/537.36 OPR/132.0.0.0', '190.195.27.141', NULL, NULL, NULL, NULL, NULL),
	('66f92757-3488-4523-99ee-428199ae3406', '2e15b22b-e533-48bc-8385-fceaa0817a30', '2026-07-09 15:17:10.800025+00', '2026-07-09 15:17:10.800025+00', NULL, 'aal1', NULL, NULL, 'Mozilla/5.0 (Windows NT 10.0; Win64; x64) AppleWebKit/537.36 (KHTML, like Gecko) Chrome/149.0.0.0 Safari/537.36', '94.205.130.31', NULL, NULL, NULL, NULL, NULL),
	('5a4a5e77-b67c-4333-b20e-6cd72a2098cb', '7ed8379d-e149-4301-8775-95acabfb53ee', '2026-07-06 17:43:46.57857+00', '2026-07-09 16:40:48.208933+00', NULL, 'aal1', NULL, '2026-07-09 16:40:48.208818', 'Mozilla/5.0 (Windows NT 10.0; Win64; x64) AppleWebKit/537.36 (KHTML, like Gecko) Chrome/149.0.0.0 Safari/537.36 Edg/149.0.0.0', '190.195.27.141', NULL, NULL, NULL, NULL, NULL),
	('ceff5189-8136-450a-a36f-3ae3493e86bb', '47811962-ed25-48a4-8505-16415e192062', '2026-06-27 00:49:46.333319+00', '2026-06-27 00:49:46.333319+00', NULL, 'aal1', NULL, NULL, 'Mozilla/5.0 (Windows NT 10.0; Win64; x64) AppleWebKit/537.36 (KHTML, like Gecko) Chrome/149.0.0.0 Safari/537.36 Edg/149.0.0.0', '190.195.27.141', NULL, NULL, NULL, NULL, NULL),
	('2ce3d535-aa45-4954-9c31-d45ae75b35fc', '645e5c95-604d-402a-ad7b-6329be673d83', '2026-06-27 00:56:03.92237+00', '2026-06-27 00:56:03.92237+00', NULL, 'aal1', NULL, NULL, 'Mozilla/5.0 (Windows NT 10.0; Win64; x64) AppleWebKit/537.36 (KHTML, like Gecko) Chrome/149.0.0.0 Safari/537.36', '190.195.27.141', NULL, NULL, NULL, NULL, NULL);


--
-- Data for Name: mfa_amr_claims; Type: TABLE DATA; Schema: auth; Owner: supabase_auth_admin
--

INSERT INTO "auth"."mfa_amr_claims" ("session_id", "created_at", "updated_at", "authentication_method", "id") VALUES
	('ceff5189-8136-450a-a36f-3ae3493e86bb', '2026-06-27 00:49:46.335673+00', '2026-06-27 00:49:46.335673+00', 'password', '7fd3c5b3-a731-421b-89ba-664687c1f672'),
	('2ce3d535-aa45-4954-9c31-d45ae75b35fc', '2026-06-27 00:56:03.926675+00', '2026-06-27 00:56:03.926675+00', 'password', '9ec495cf-a9da-4d7f-8bcc-45069cdd6748'),
	('5a4a5e77-b67c-4333-b20e-6cd72a2098cb', '2026-07-06 17:43:46.610567+00', '2026-07-06 17:43:46.610567+00', 'password', '4d148cd3-f926-44df-9802-0a1dc96272b3'),
	('fd38441b-3c70-4856-bf1f-73f5498483c3', '2026-07-06 17:43:54.72328+00', '2026-07-06 17:43:54.72328+00', 'oauth', '76a13bde-d278-40f5-9617-1a3554f2d9d7'),
	('66f92757-3488-4523-99ee-428199ae3406', '2026-07-09 15:17:10.81281+00', '2026-07-09 15:17:10.81281+00', 'oauth', '7c09f691-1ba2-4c00-ab38-166b9a89c3c9'),
	('b7f65f85-ac9f-4756-bd75-de86d1159b26', '2026-07-09 17:51:52.67622+00', '2026-07-09 17:51:52.67622+00', 'oauth', 'a9796f85-865b-4eea-9667-f244f96b1b69'),
	('99b259e3-4e5c-4e13-9f7c-f35f3acaf41a', '2026-07-09 18:20:37.605004+00', '2026-07-09 18:20:37.605004+00', 'oauth', 'e0dbff31-27c3-4a7a-ad75-e963192d4b53');


--
-- Data for Name: mfa_factors; Type: TABLE DATA; Schema: auth; Owner: supabase_auth_admin
--



--
-- Data for Name: mfa_challenges; Type: TABLE DATA; Schema: auth; Owner: supabase_auth_admin
--



--
-- Data for Name: oauth_authorizations; Type: TABLE DATA; Schema: auth; Owner: supabase_auth_admin
--



--
-- Data for Name: oauth_client_states; Type: TABLE DATA; Schema: auth; Owner: supabase_auth_admin
--



--
-- Data for Name: oauth_consents; Type: TABLE DATA; Schema: auth; Owner: supabase_auth_admin
--



--
-- Data for Name: one_time_tokens; Type: TABLE DATA; Schema: auth; Owner: supabase_auth_admin
--



--
-- Data for Name: refresh_tokens; Type: TABLE DATA; Schema: auth; Owner: supabase_auth_admin
--

INSERT INTO "auth"."refresh_tokens" ("instance_id", "id", "token", "user_id", "revoked", "created_at", "updated_at", "parent", "session_id") VALUES
	('00000000-0000-0000-0000-000000000000', 78, '5s5mo777wu7z', '7ed8379d-e149-4301-8775-95acabfb53ee', true, '2026-07-06 17:43:54.721919+00', '2026-07-06 18:42:22.746478+00', NULL, 'fd38441b-3c70-4856-bf1f-73f5498483c3'),
	('00000000-0000-0000-0000-000000000000', 79, 'n2jldfchihcr', '7ed8379d-e149-4301-8775-95acabfb53ee', true, '2026-07-06 18:42:22.757983+00', '2026-07-06 21:45:31.975248+00', '5s5mo777wu7z', 'fd38441b-3c70-4856-bf1f-73f5498483c3'),
	('00000000-0000-0000-0000-000000000000', 80, '2mvolfjfr62f', '7ed8379d-e149-4301-8775-95acabfb53ee', true, '2026-07-06 21:45:31.999624+00', '2026-07-07 15:47:09.363024+00', 'n2jldfchihcr', 'fd38441b-3c70-4856-bf1f-73f5498483c3'),
	('00000000-0000-0000-0000-000000000000', 81, 'rpowyriteqiw', '7ed8379d-e149-4301-8775-95acabfb53ee', true, '2026-07-07 15:47:09.379964+00', '2026-07-07 20:04:18.98738+00', '2mvolfjfr62f', 'fd38441b-3c70-4856-bf1f-73f5498483c3'),
	('00000000-0000-0000-0000-000000000000', 82, 'oielkztfu7hu', '7ed8379d-e149-4301-8775-95acabfb53ee', true, '2026-07-07 20:04:19.005284+00', '2026-07-08 14:07:01.516206+00', 'rpowyriteqiw', 'fd38441b-3c70-4856-bf1f-73f5498483c3'),
	('00000000-0000-0000-0000-000000000000', 83, 'x5gglmzdwb24', '7ed8379d-e149-4301-8775-95acabfb53ee', true, '2026-07-08 14:07:01.541198+00', '2026-07-08 15:06:09.967015+00', 'oielkztfu7hu', 'fd38441b-3c70-4856-bf1f-73f5498483c3'),
	('00000000-0000-0000-0000-000000000000', 84, 'ylvoozuilfb4', '7ed8379d-e149-4301-8775-95acabfb53ee', true, '2026-07-08 15:06:09.978436+00', '2026-07-08 16:24:07.418683+00', 'x5gglmzdwb24', 'fd38441b-3c70-4856-bf1f-73f5498483c3'),
	('00000000-0000-0000-0000-000000000000', 85, 'ypsqvcsbsgt7', '7ed8379d-e149-4301-8775-95acabfb53ee', true, '2026-07-08 16:24:07.427381+00', '2026-07-08 17:22:27.038979+00', 'ylvoozuilfb4', 'fd38441b-3c70-4856-bf1f-73f5498483c3'),
	('00000000-0000-0000-0000-000000000000', 86, 'tfjumj7sv4j5', '7ed8379d-e149-4301-8775-95acabfb53ee', true, '2026-07-08 17:22:27.05939+00', '2026-07-08 18:40:18.04722+00', 'ypsqvcsbsgt7', 'fd38441b-3c70-4856-bf1f-73f5498483c3'),
	('00000000-0000-0000-0000-000000000000', 87, 'fv3yqtvuta5w', '7ed8379d-e149-4301-8775-95acabfb53ee', true, '2026-07-08 18:40:18.065821+00', '2026-07-09 00:13:13.997169+00', 'tfjumj7sv4j5', 'fd38441b-3c70-4856-bf1f-73f5498483c3'),
	('00000000-0000-0000-0000-000000000000', 88, 'yujtxxfp3wst', '7ed8379d-e149-4301-8775-95acabfb53ee', true, '2026-07-09 00:13:14.016274+00', '2026-07-09 14:49:36.980964+00', 'fv3yqtvuta5w', 'fd38441b-3c70-4856-bf1f-73f5498483c3'),
	('00000000-0000-0000-0000-000000000000', 90, 'amw6ig6bsngk', '2e15b22b-e533-48bc-8385-fceaa0817a30', false, '2026-07-09 15:17:10.809232+00', '2026-07-09 15:17:10.809232+00', NULL, '66f92757-3488-4523-99ee-428199ae3406'),
	('00000000-0000-0000-0000-000000000000', 89, 'zvurddjm6nv4', '7ed8379d-e149-4301-8775-95acabfb53ee', true, '2026-07-09 14:49:36.999679+00', '2026-07-09 16:37:35.289492+00', 'yujtxxfp3wst', 'fd38441b-3c70-4856-bf1f-73f5498483c3'),
	('00000000-0000-0000-0000-000000000000', 77, 'quaaqpzrezi7', '7ed8379d-e149-4301-8775-95acabfb53ee', true, '2026-07-06 17:43:46.598658+00', '2026-07-09 16:40:48.187807+00', NULL, '5a4a5e77-b67c-4333-b20e-6cd72a2098cb'),
	('00000000-0000-0000-0000-000000000000', 92, 's3sm7ihochdz', '7ed8379d-e149-4301-8775-95acabfb53ee', false, '2026-07-09 16:40:48.194976+00', '2026-07-09 16:40:48.194976+00', 'quaaqpzrezi7', '5a4a5e77-b67c-4333-b20e-6cd72a2098cb'),
	('00000000-0000-0000-0000-000000000000', 91, '6p7j3ninvwzp', '7ed8379d-e149-4301-8775-95acabfb53ee', true, '2026-07-09 16:37:35.302114+00', '2026-07-09 17:47:04.509407+00', 'zvurddjm6nv4', 'fd38441b-3c70-4856-bf1f-73f5498483c3'),
	('00000000-0000-0000-0000-000000000000', 94, 'fboawvvoqg2s', 'ef9646f4-2fbc-4d88-87a0-ed218bb96475', false, '2026-07-09 17:51:52.673378+00', '2026-07-09 17:51:52.673378+00', NULL, 'b7f65f85-ac9f-4756-bd75-de86d1159b26'),
	('00000000-0000-0000-0000-000000000000', 95, 'pndrhdpjslzl', 'd0d81f90-913d-4356-8e34-9986c1f3ab28', false, '2026-07-09 18:20:37.589032+00', '2026-07-09 18:20:37.589032+00', NULL, '99b259e3-4e5c-4e13-9f7c-f35f3acaf41a'),
	('00000000-0000-0000-0000-000000000000', 93, '5vpvqd5qksai', '7ed8379d-e149-4301-8775-95acabfb53ee', true, '2026-07-09 17:47:04.522723+00', '2026-07-10 15:34:48.978475+00', '6p7j3ninvwzp', 'fd38441b-3c70-4856-bf1f-73f5498483c3'),
	('00000000-0000-0000-0000-000000000000', 96, 'edh6vcelsem3', '7ed8379d-e149-4301-8775-95acabfb53ee', true, '2026-07-10 15:34:48.997154+00', '2026-07-12 14:54:37.113856+00', '5vpvqd5qksai', 'fd38441b-3c70-4856-bf1f-73f5498483c3'),
	('00000000-0000-0000-0000-000000000000', 97, 'krrijjdwmru3', '7ed8379d-e149-4301-8775-95acabfb53ee', false, '2026-07-12 14:54:37.13719+00', '2026-07-12 14:54:37.13719+00', 'edh6vcelsem3', 'fd38441b-3c70-4856-bf1f-73f5498483c3'),
	('00000000-0000-0000-0000-000000000000', 62, 'ati47znhhcch', '47811962-ed25-48a4-8505-16415e192062', false, '2026-06-27 00:49:46.334239+00', '2026-06-27 00:49:46.334239+00', NULL, 'ceff5189-8136-450a-a36f-3ae3493e86bb'),
	('00000000-0000-0000-0000-000000000000', 63, 'gcxritz3qxcm', '645e5c95-604d-402a-ad7b-6329be673d83', false, '2026-06-27 00:56:03.924352+00', '2026-06-27 00:56:03.924352+00', NULL, '2ce3d535-aa45-4954-9c31-d45ae75b35fc');


--
-- Data for Name: sso_providers; Type: TABLE DATA; Schema: auth; Owner: supabase_auth_admin
--



--
-- Data for Name: saml_providers; Type: TABLE DATA; Schema: auth; Owner: supabase_auth_admin
--



--
-- Data for Name: saml_relay_states; Type: TABLE DATA; Schema: auth; Owner: supabase_auth_admin
--



--
-- Data for Name: sso_domains; Type: TABLE DATA; Schema: auth; Owner: supabase_auth_admin
--



--
-- Data for Name: webauthn_challenges; Type: TABLE DATA; Schema: auth; Owner: supabase_auth_admin
--



--
-- Data for Name: webauthn_credentials; Type: TABLE DATA; Schema: auth; Owner: supabase_auth_admin
--



--
-- Data for Name: profiles; Type: TABLE DATA; Schema: public; Owner: postgres
--

INSERT INTO "public"."profiles" ("id", "name", "avatar_url", "phone_number", "notify_prefs", "created_at", "updated_at") VALUES
	('47811962-ed25-48a4-8505-16415e192062', 'nico', NULL, NULL, '{"events": {"income": true, "card_close": true}, "channel": "whatsapp", "email_fallback": true}', '2026-06-27 00:49:53.63061+00', '2026-06-27 00:49:53.63061+00'),
	('645e5c95-604d-402a-ad7b-6329be673d83', 'kaka', NULL, NULL, '{"events": {"income": true, "card_close": true}, "channel": "whatsapp", "email_fallback": true}', '2026-06-27 00:56:35.652375+00', '2026-06-27 00:56:35.652375+00'),
	('7ed8379d-e149-4301-8775-95acabfb53ee', 'Diogenes', NULL, NULL, '{"events": {"income": true, "card_close": true}, "channel": "whatsapp", "email_fallback": true}', '2026-06-20 01:43:25.559624+00', '2026-07-06 18:45:19.180016+00'),
	('2e15b22b-e533-48bc-8385-fceaa0817a30', 'Lucas Puig', NULL, NULL, '{"events": {"income": true, "card_close": true}, "channel": "whatsapp", "email_fallback": true}', '2026-07-09 15:18:13.997715+00', '2026-07-09 15:18:13.997715+00'),
	('ef9646f4-2fbc-4d88-87a0-ed218bb96475', 'Felipe Maximiliano Carrizo', NULL, NULL, '{"events": {"income": true, "card_close": true}, "channel": "whatsapp", "email_fallback": true}', '2026-07-09 17:51:57.843438+00', '2026-07-09 17:51:57.843438+00'),
	('d0d81f90-913d-4356-8e34-9986c1f3ab28', 'PUIG Hermes', NULL, NULL, '{"events": {"income": true, "card_close": true}, "channel": "whatsapp", "email_fallback": true}', '2026-07-09 18:20:41.069441+00', '2026-07-09 18:20:41.069441+00');


--
-- Data for Name: workspaces; Type: TABLE DATA; Schema: public; Owner: postgres
--

INSERT INTO "public"."workspaces" ("id", "name", "base_currency", "fx_source", "fx_quote", "owner_id", "created_at", "updated_at") VALUES
	('d26e95a5-4290-4542-bdbd-7238b6fd0b9c', 'Test B9 (borrar)', 'ARS', 'dolarapi', 'oficial', '7ed8379d-e149-4301-8775-95acabfb53ee', '2026-06-20 02:46:26.176979+00', '2026-06-20 02:46:26.176979+00'),
	('b9184ce0-15e7-4711-877d-e84aedebf3b5', 'personal', 'ARS', 'dolarapi', 'oficial', '47811962-ed25-48a4-8505-16415e192062', '2026-06-27 00:49:53.922995+00', '2026-06-27 00:49:53.922995+00'),
	('bd81715a-d194-4ee4-97a7-a6c1ec2ca3a5', '123123', 'ARS', 'dolarapi', 'oficial', '645e5c95-604d-402a-ad7b-6329be673d83', '2026-06-27 00:56:36.356224+00', '2026-06-27 00:56:36.356224+00'),
	('ccda33c3-edb9-4b60-952a-f9cce53ed293', 'Flia Puig', 'ARS', 'dolarapi', 'oficial', '7ed8379d-e149-4301-8775-95acabfb53ee', '2026-06-27 17:30:27.400742+00', '2026-06-27 17:30:27.400742+00'),
	('1e7c3e10-bd86-4136-8792-25a77ab6396e', 'Gastos', 'ARS', 'dolarapi', 'oficial', '2e15b22b-e533-48bc-8385-fceaa0817a30', '2026-07-09 15:18:14.932796+00', '2026-07-09 15:18:14.932796+00');


--
-- Data for Name: workspace_members; Type: TABLE DATA; Schema: public; Owner: postgres
--

INSERT INTO "public"."workspace_members" ("id", "workspace_id", "user_id", "role", "joined_at") VALUES
	('7f0eebfd-678c-46a1-b2a6-f6d6255bffbb', 'd26e95a5-4290-4542-bdbd-7238b6fd0b9c', '7ed8379d-e149-4301-8775-95acabfb53ee', 'owner', '2026-06-20 02:46:26.176979+00'),
	('4595eb08-7874-45ed-a95e-c9b7d6d1b419', 'b9184ce0-15e7-4711-877d-e84aedebf3b5', '47811962-ed25-48a4-8505-16415e192062', 'owner', '2026-06-27 00:49:53.922995+00'),
	('555f17a0-ee1e-4f2f-88b3-439bc5551a15', 'd26e95a5-4290-4542-bdbd-7238b6fd0b9c', '47811962-ed25-48a4-8505-16415e192062', 'member', '2026-06-27 00:50:39.221162+00'),
	('6ef1f6bb-12f8-48fb-bc6e-0798b0cd6589', 'bd81715a-d194-4ee4-97a7-a6c1ec2ca3a5', '645e5c95-604d-402a-ad7b-6329be673d83', 'owner', '2026-06-27 00:56:36.356224+00'),
	('be4a6aa5-1562-4809-95d6-1c3f6460891a', 'd26e95a5-4290-4542-bdbd-7238b6fd0b9c', '645e5c95-604d-402a-ad7b-6329be673d83', 'member', '2026-06-27 00:56:41.575263+00'),
	('79658d64-c885-45b4-91e6-d86dc319a273', 'ccda33c3-edb9-4b60-952a-f9cce53ed293', '7ed8379d-e149-4301-8775-95acabfb53ee', 'owner', '2026-06-27 17:30:27.400742+00'),
	('de57f006-e18a-4b43-b031-19ec08747297', '1e7c3e10-bd86-4136-8792-25a77ab6396e', '2e15b22b-e533-48bc-8385-fceaa0817a30', 'owner', '2026-07-09 15:18:14.932796+00'),
	('f8d9dfbe-8e5c-4aea-b2ec-ac4adcda5c77', 'ccda33c3-edb9-4b60-952a-f9cce53ed293', '2e15b22b-e533-48bc-8385-fceaa0817a30', 'admin', '2026-07-09 15:19:28.221484+00'),
	('637ec9a1-40c1-425e-865b-a8ac5e9fad2b', 'ccda33c3-edb9-4b60-952a-f9cce53ed293', 'd0d81f90-913d-4356-8e34-9986c1f3ab28', 'member', '2026-07-09 18:20:41.069441+00');


--
-- Data for Name: accounts; Type: TABLE DATA; Schema: public; Owner: postgres
--

INSERT INTO "public"."accounts" ("id", "workspace_id", "name", "bank", "network", "type", "currency", "last4", "owner_member_id", "holder_name", "is_extension", "parent_account_id", "billing_close_day", "is_archived", "created_at", "updated_at", "holder_aliases") VALUES
	('6d01335f-5b57-45c3-90e9-5d12d1fb4800', 'd26e95a5-4290-4542-bdbd-7238b6fd0b9c', 'Transferencia', NULL, NULL, 'transfer', 'ARS', NULL, NULL, 'Diogenes Test', false, NULL, NULL, false, '2026-06-23 19:07:05.628494+00', '2026-06-23 19:07:05.628494+00', '{}'),
	('d4e7576c-da5c-4df4-bdd8-bc1bb466dbee', 'd26e95a5-4290-4542-bdbd-7238b6fd0b9c', 'Transferencia', NULL, NULL, 'transfer', 'ARS', NULL, NULL, 'Maria Sanchez Gomez', false, NULL, NULL, false, '2026-06-23 19:15:17.447243+00', '2026-06-23 19:15:17.447243+00', '{}'),
	('0b401ad1-181f-4e03-92d6-cbcf5f1df4cc', 'd26e95a5-4290-4542-bdbd-7238b6fd0b9c', 'Transferencia', NULL, NULL, 'transfer', 'ARS', NULL, NULL, 'PUIG LUCAS, MIGUEL DOMINGO', false, NULL, NULL, false, '2026-06-23 19:37:08.127264+00', '2026-06-23 19:37:08.127264+00', '{}'),
	('70cb0910-e5b4-4727-87fa-2dca6b7dfa31', 'd26e95a5-4290-4542-bdbd-7238b6fd0b9c', 'Banco Nación mastercard', 'Banco Nación', 'mastercard', 'credit', 'ARS', NULL, NULL, 'PUIG LUCAS MIGUEL D', false, NULL, NULL, false, '2026-06-23 19:42:39.296925+00', '2026-06-23 19:42:39.296925+00', '{}'),
	('3cba50ad-5017-4b8a-8a9f-0e7b610f9d31', 'd26e95a5-4290-4542-bdbd-7238b6fd0b9c', 'Banco Nación mastercard', 'Banco Nación', 'mastercard', 'credit', 'ARS', NULL, NULL, 'PUIG HERMES DEMIAN', false, NULL, NULL, false, '2026-06-23 19:42:42.161762+00', '2026-06-23 19:42:42.161762+00', '{}'),
	('60e2896d-2630-4e8c-a217-30da689720f2', 'd26e95a5-4290-4542-bdbd-7238b6fd0b9c', 'Banco Patagonia visa ••0344', 'Banco Patagonia', 'visa', 'credit', 'ARS', '0344', NULL, 'DIOGENES A PUIG', false, NULL, NULL, false, '2026-06-23 19:45:35.468891+00', '2026-06-23 19:45:35.468891+00', '{}'),
	('77a7506d-c0f3-4b74-beaf-05379e0e4c01', 'd26e95a5-4290-4542-bdbd-7238b6fd0b9c', 'Banco Patagonia visa ••0351', 'Banco Patagonia', 'visa', 'credit', 'ARS', '0351', NULL, 'HERMES DEMIAN PUIG', false, NULL, NULL, false, '2026-06-23 19:45:42.686963+00', '2026-06-23 19:45:42.686963+00', '{}'),
	('0095815d-dc30-4c40-8e2d-1191f34e056b', 'd26e95a5-4290-4542-bdbd-7238b6fd0b9c', 'visa ••9107', NULL, 'visa', 'credit', 'ARS', '9107', NULL, 'HERMES DEMIAN PUIG', false, NULL, NULL, false, '2026-06-23 19:46:40.610499+00', '2026-06-23 19:46:40.610499+00', '{}'),
	('bee6f1fc-3c46-4ff5-971c-0e73da05002a', 'd26e95a5-4290-4542-bdbd-7238b6fd0b9c', 'visa ••9099', NULL, 'visa', 'credit', 'ARS', '9099', NULL, 'AGATA HELENA PUIG', false, NULL, NULL, false, '2026-06-23 19:46:44.175865+00', '2026-06-23 19:46:44.175865+00', '{}'),
	('091046fb-3e45-44dc-a70e-a45cbd9a0404', 'd26e95a5-4290-4542-bdbd-7238b6fd0b9c', 'visa ••2507', NULL, 'visa', 'credit', 'ARS', '2507', NULL, 'ALICIA RAQUE GARZON', false, NULL, NULL, false, '2026-06-23 19:46:47.308735+00', '2026-06-23 19:46:47.308735+00', '{}'),
	('e19f0a41-8128-4b50-a221-06eab0f30fd9', 'd26e95a5-4290-4542-bdbd-7238b6fd0b9c', 'visa ••2421', NULL, 'visa', 'credit', 'ARS', '2421', NULL, 'LUCAS MIGUEL PUIG', false, NULL, NULL, false, '2026-06-23 19:46:52.10693+00', '2026-06-23 19:46:52.10693+00', '{}'),
	('6c29722e-6ddb-444d-9784-b25eac630549', 'd26e95a5-4290-4542-bdbd-7238b6fd0b9c', 'Transferencia', NULL, NULL, 'transfer', 'ARS', NULL, NULL, 'Joaquin Santiago Moreno', false, NULL, NULL, false, '2026-06-27 02:05:09.483111+00', '2026-06-27 02:05:09.483111+00', '{}'),
	('4dea5208-8bed-408a-8bf1-33ca7e31ac79', 'd26e95a5-4290-4542-bdbd-7238b6fd0b9c', 'Transferencia', NULL, NULL, 'transfer', 'ARS', NULL, NULL, 'NX Leandro Nehuen Tallarico Esteve', false, NULL, NULL, false, '2026-07-01 00:07:14.97013+00', '2026-07-01 00:07:14.97013+00', '{}'),
	('a3122df8-6160-4cc8-8165-efbfd42605f6', 'ccda33c3-edb9-4b60-952a-f9cce53ed293', 'Banco Patagonia mastercard ••3434', 'Banco Patagonia', 'mastercard', 'credit', 'ARS', '3434', NULL, 'AGATA HELENA PUIG', false, NULL, NULL, false, '2026-07-06 18:01:53.118675+00', '2026-07-06 18:01:53.118675+00', '{}'),
	('e08297d5-faf0-466b-9b57-ae55a6ac5326', 'ccda33c3-edb9-4b60-952a-f9cce53ed293', 'visa ••9099', 'Nacion', 'visa', 'credit', 'ARS', '9099', NULL, 'AGATA HELENA PUIG', false, NULL, NULL, false, '2026-07-06 18:07:11.728494+00', '2026-07-06 18:15:30.885017+00', '{}'),
	('019e4205-9d0a-49bc-ad96-f9f88f687b7a', 'ccda33c3-edb9-4b60-952a-f9cce53ed293', 'Banco Patagonia mastercard ••0282', 'Banco Patagonia', 'mastercard', 'credit', 'ARS', '0282', '79658d64-c885-45b4-91e6-d86dc319a273', 'Diogenes', false, NULL, NULL, false, '2026-07-06 18:01:41.779777+00', '2026-07-09 18:26:06.371244+00', '{}'),
	('89066a26-e2a9-4431-892d-554b09806eab', 'ccda33c3-edb9-4b60-952a-f9cce53ed293', 'visa ••2507', 'Nacion', 'visa', 'credit', 'ARS', '2507', NULL, 'ALICIA RAQUE GARZON', false, NULL, NULL, false, '2026-07-06 18:09:52.968558+00', '2026-07-06 18:16:11.72152+00', '{}'),
	('af31b0ba-c158-4704-9e18-7b60447855f0', 'ccda33c3-edb9-4b60-952a-f9cce53ed293', 'Efectivo', 'Efectivo', NULL, 'cash', 'ARS', NULL, NULL, 'Efectivo', false, NULL, NULL, false, '2026-07-06 18:17:46.544683+00', '2026-07-06 18:17:46.544683+00', '{}'),
	('4c0da191-adfd-400b-b35f-8b880dca099d', 'ccda33c3-edb9-4b60-952a-f9cce53ed293', 'Banco Nación mastercard', 'Banco Nación', 'mastercard', 'credit', 'ARS', NULL, NULL, 'RAQUE ALICIA GARZON', false, NULL, NULL, false, '2026-07-06 21:52:35.497448+00', '2026-07-06 21:52:35.497448+00', '{}'),
	('2545d1b7-ebd8-405b-b6cb-d002517f70d6', 'ccda33c3-edb9-4b60-952a-f9cce53ed293', 'Banco Nación mastercard', 'Banco Nación', 'mastercard', 'credit', 'ARS', NULL, NULL, 'HELENA AGATA PUIG', false, NULL, NULL, false, '2026-07-06 21:52:38.384765+00', '2026-07-06 21:52:38.384765+00', '{}'),
	('dd41d844-7450-4f39-bd92-00aad109fce9', 'ccda33c3-edb9-4b60-952a-f9cce53ed293', 'Banco Nación mastercard', 'Banco Nación', 'mastercard', 'credit', 'ARS', NULL, '79658d64-c885-45b4-91e6-d86dc319a273', 'Diogenes', false, NULL, NULL, false, '2026-07-06 21:52:51.24334+00', '2026-07-06 21:52:51.24334+00', '{}'),
	('78b07932-3c6a-4bfc-ab54-174fb063d702', 'ccda33c3-edb9-4b60-952a-f9cce53ed293', 'Banco Patagonia visa ••1680', 'Banco Patagonia', 'visa', 'credit', 'ARS', '1680', 'f8d9dfbe-8e5c-4aea-b2ec-ac4adcda5c77', 'Lucas Puig', false, NULL, NULL, false, '2026-07-06 18:04:38.632618+00', '2026-07-09 15:37:38.210182+00', '{}'),
	('4a9c3402-ba10-4569-aa14-78af0917a49d', 'ccda33c3-edb9-4b60-952a-f9cce53ed293', 'visa ••2421', 'Nacion', 'visa', 'credit', 'ARS', '2421', 'f8d9dfbe-8e5c-4aea-b2ec-ac4adcda5c77', 'Lucas Puig', false, NULL, NULL, false, '2026-07-06 18:10:07.048208+00', '2026-07-09 15:37:44.48522+00', '{}'),
	('7bdd6e01-6e34-428e-aa5e-c129acafd90e', 'ccda33c3-edb9-4b60-952a-f9cce53ed293', 'Banco Nación mastercard', 'Banco Nación', 'mastercard', 'credit', 'ARS', NULL, 'f8d9dfbe-8e5c-4aea-b2ec-ac4adcda5c77', 'Lucas Puig', false, NULL, NULL, false, '2026-07-06 21:52:33.485178+00', '2026-07-09 15:37:54.187489+00', '{}'),
	('1ea41f04-0d1f-4bd7-8278-58b0b547de89', 'ccda33c3-edb9-4b60-952a-f9cce53ed293', 'Transferencia', NULL, NULL, 'transfer', 'ARS', NULL, 'f8d9dfbe-8e5c-4aea-b2ec-ac4adcda5c77', 'Lucas Puig', false, NULL, NULL, false, '2026-07-06 17:56:55.896018+00', '2026-07-09 15:38:06.691418+00', '{}'),
	('16d47862-cdbe-47b1-80c6-af23505d3e20', 'ccda33c3-edb9-4b60-952a-f9cce53ed293', 'Banco Nación mastercard', 'Banco Nación', 'mastercard', 'credit', 'ARS', NULL, '637ec9a1-40c1-425e-865b-a8ac5e9fad2b', 'PUIG Hermes', false, NULL, NULL, false, '2026-07-06 21:52:40.212312+00', '2026-07-09 18:20:57.651388+00', '{}'),
	('93666edc-9c84-44f0-a300-096d34042ea1', 'ccda33c3-edb9-4b60-952a-f9cce53ed293', 'Banco Patagonia mastercard ••9465', 'Banco Patagonia', 'mastercard', 'credit', 'ARS', '9465', '637ec9a1-40c1-425e-865b-a8ac5e9fad2b', 'PUIG Hermes', false, NULL, NULL, false, '2026-07-06 18:01:48.482658+00', '2026-07-09 18:21:05.017582+00', '{}'),
	('24327050-836f-4ae1-a156-5fb91a5e8c8f', 'ccda33c3-edb9-4b60-952a-f9cce53ed293', 'visa ••9107', 'Nacion', 'visa', 'credit', 'ARS', '9107', '637ec9a1-40c1-425e-865b-a8ac5e9fad2b', 'PUIG Hermes', false, NULL, NULL, false, '2026-07-06 18:07:44.518311+00', '2026-07-09 18:21:14.431718+00', '{}'),
	('54bd5ba5-ee7c-44b0-8202-85e559497b29', 'ccda33c3-edb9-4b60-952a-f9cce53ed293', 'Banco Patagonia visa ••0351', 'Banco Patagonia', 'visa', 'credit', 'ARS', '0351', '637ec9a1-40c1-425e-865b-a8ac5e9fad2b', 'PUIG Hermes', false, NULL, NULL, false, '2026-07-06 18:05:01.464339+00', '2026-07-09 18:21:26.093075+00', '{}'),
	('19201efb-4efc-47c7-89a4-8b157819dee2', 'ccda33c3-edb9-4b60-952a-f9cce53ed293', 'Banco Patagonia visa ••0344', 'Banco Patagonia', 'visa', 'credit', 'ARS', '0344', '79658d64-c885-45b4-91e6-d86dc319a273', 'Diogenes', false, NULL, NULL, false, '2026-07-06 18:04:58.159326+00', '2026-07-09 18:26:00.390122+00', '{}');


--
-- Data for Name: attachments; Type: TABLE DATA; Schema: public; Owner: postgres
--

INSERT INTO "public"."attachments" ("id", "workspace_id", "uploaded_by", "file_url", "file_type", "kind", "status", "created_at", "content_hash") VALUES
	('56701ccd-fff0-4b1d-ab36-f39c5a42185d', 'd26e95a5-4290-4542-bdbd-7238b6fd0b9c', '7ed8379d-e149-4301-8775-95acabfb53ee', 'd26e95a5-4290-4542-bdbd-7238b6fd0b9c/cdfe8c82-23dd-4395-939c-2527c90d2a4a-comprobante2.jpg', 'image', 'receipt', 'uploaded', '2026-06-23 19:15:23.45053+00', NULL),
	('13887bde-9d6d-471b-ac87-c5d90c092bc4', 'd26e95a5-4290-4542-bdbd-7238b6fd0b9c', '7ed8379d-e149-4301-8775-95acabfb53ee', 'd26e95a5-4290-4542-bdbd-7238b6fd0b9c/ace8c639-08f7-466d-b2e7-924749eafb44-NATIVA_INTERNACIONAL_MC11-F_VTO_03-Jun-26_260529_202341.pdf', 'pdf', 'statement', 'processed', '2026-06-23 19:42:45.627172+00', NULL),
	('b65c7cf3-02b5-4ff4-a1f7-bd0e457c6628', 'd26e95a5-4290-4542-bdbd-7238b6fd0b9c', '7ed8379d-e149-4301-8775-95acabfb53ee', 'd26e95a5-4290-4542-bdbd-7238b6fd0b9c/e928e76e-a076-4e99-859b-9a8620275cab-VISA_Patagonia_may_2026.pdf', 'pdf', 'statement', 'processed', '2026-06-23 19:46:08.271422+00', NULL),
	('bf79f2bc-f908-4e93-9c02-7f3155e0c662', 'd26e95a5-4290-4542-bdbd-7238b6fd0b9c', '7ed8379d-e149-4301-8775-95acabfb53ee', 'd26e95a5-4290-4542-bdbd-7238b6fd0b9c/a6979bfd-1887-4f39-9e32-936d0ebc78e4-CRE-PPL09098674162026-05-210000000_260529_202230.pdf', 'pdf', 'statement', 'processed', '2026-06-23 19:46:59.957344+00', NULL),
	('8e85a9a2-2e89-4a24-bb19-09b58697c152', 'd26e95a5-4290-4542-bdbd-7238b6fd0b9c', '7ed8379d-e149-4301-8775-95acabfb53ee', 'd26e95a5-4290-4542-bdbd-7238b6fd0b9c/8286949f-ea2d-4a11-b0a4-6d5de7e77b3b-WhatsApp Image 2026-06-05 at 00.56.24.jpeg', 'image', 'receipt', 'uploaded', '2026-06-27 02:05:36.192856+00', NULL),
	('a66ee730-2bf2-4828-93de-cd297fdbd25a', 'ccda33c3-edb9-4b60-952a-f9cce53ed293', '7ed8379d-e149-4301-8775-95acabfb53ee', 'ccda33c3-edb9-4b60-952a-f9cce53ed293/2fb06c12-0b53-4817-a088-52ad8cb25d79-WhatsApp Image 2026-06-05 at 00.56.24.jpeg', 'image', 'receipt', 'uploaded', '2026-07-06 17:57:25.411947+00', 'e87dc1d7376a39eb70ad06f8899ddf527bed338c958a5c8b88d1f2c42c151958'),
	('aeb1783d-ec58-4a25-b6d0-9f7c2700703c', 'ccda33c3-edb9-4b60-952a-f9cce53ed293', '7ed8379d-e149-4301-8775-95acabfb53ee', 'ccda33c3-edb9-4b60-952a-f9cce53ed293/93d77f02-36a8-4f3c-9544-9400063200d1-WhatsApp Image 2026-07-02 at 16.25.51.jpeg', 'image', 'receipt', 'uploaded', '2026-07-06 17:58:53.246884+00', 'e013152179dbe2a76436ebe636ba9d9224657ee3022c81690f19bd2fa231a77d'),
	('13ddc35e-97c5-4923-840a-24c4ef1198c0', 'ccda33c3-edb9-4b60-952a-f9cce53ed293', '7ed8379d-e149-4301-8775-95acabfb53ee', 'ccda33c3-edb9-4b60-952a-f9cce53ed293/55e79454-d159-416b-8804-e554efc9da0f-WhatsApp Image 2026-06-05 at 00.58.19.jpeg', 'image', 'receipt', 'uploaded', '2026-07-06 17:59:46.249555+00', 'fe6f246be7756046047f7cf8d7bccb3de3f640d1f41e0a9fd3169560e8a25d9b'),
	('00350a99-b7a6-4c99-adae-63c6ff0b14cb', 'ccda33c3-edb9-4b60-952a-f9cce53ed293', '7ed8379d-e149-4301-8775-95acabfb53ee', 'ccda33c3-edb9-4b60-952a-f9cce53ed293/879f86ed-c10c-4b11-8821-b81b47809413-WhatsApp Image 2026-07-06 at 11.54.37.jpeg', 'image', 'receipt', 'uploaded', '2026-07-06 18:01:14.559763+00', '05283c3cea025ca1405fba93e93df3e1ed4804e83550da9f048aa43c70819763'),
	('2775aa5d-e0d4-484e-8200-4dd5a6ffab6b', 'ccda33c3-edb9-4b60-952a-f9cce53ed293', '7ed8379d-e149-4301-8775-95acabfb53ee', 'ccda33c3-edb9-4b60-952a-f9cce53ed293/2512c17b-f702-45ea-b332-57584fad03ce-Patagonia_Mastercard-2026-07-02-1346795740.pdf', 'pdf', 'statement', 'processed', '2026-07-06 18:03:50.46334+00', NULL),
	('a5ac7666-e189-47d8-8b50-6bb1cb37d61c', 'ccda33c3-edb9-4b60-952a-f9cce53ed293', '7ed8379d-e149-4301-8775-95acabfb53ee', 'ccda33c3-edb9-4b60-952a-f9cce53ed293/7cf5ea36-17bc-49ba-9f09-14598d4ceba4-Patagonia_Visa-2026-07-02-0378994987.pdf', 'pdf', 'statement', 'processed', '2026-07-06 18:05:51.49118+00', NULL),
	('4e89a0a3-e9f0-406b-9ef4-a860b62478ac', 'ccda33c3-edb9-4b60-952a-f9cce53ed293', '7ed8379d-e149-4301-8775-95acabfb53ee', 'ccda33c3-edb9-4b60-952a-f9cce53ed293/ae185ec1-a2c7-44e7-a8bb-9e5a15ecb579-BNA_VISA_72287_0909867416 (1).pdf', 'pdf', 'statement', 'processed', '2026-07-06 18:10:14.253871+00', NULL),
	('75023d13-a5c5-4dd6-bff3-2df57b60ea9c', 'ccda33c3-edb9-4b60-952a-f9cce53ed293', '7ed8379d-e149-4301-8775-95acabfb53ee', 'ccda33c3-edb9-4b60-952a-f9cce53ed293/cdfd89fa-029e-4428-a875-b5bcaf2e6feb-BNA_Master89338_0064961 (1).pdf', 'pdf', 'statement', 'processed', '2026-07-06 21:52:56.603778+00', NULL);


--
-- Data for Name: categories; Type: TABLE DATA; Schema: public; Owner: postgres
--

INSERT INTO "public"."categories" ("id", "workspace_id", "name", "kind", "icon", "color", "parent_id", "created_at") VALUES
	('85a32e0e-aee2-46bf-b84a-80c1f0881153', NULL, 'Supermercado', 'expense', '🛒', NULL, NULL, '2026-06-18 23:20:06.529696+00'),
	('38f4f446-aed7-4557-86f5-d7f77e2cfb1b', NULL, 'Alquiler', 'expense', '🏠', NULL, NULL, '2026-06-18 23:20:06.529696+00'),
	('f780ee38-c81c-4f63-8144-e372755d990f', NULL, 'Servicios', 'expense', '💡', NULL, NULL, '2026-06-18 23:20:06.529696+00'),
	('73a3b3cb-4256-4353-b570-330004cf6f16', NULL, 'Transporte', 'expense', '🚗', NULL, NULL, '2026-06-18 23:20:06.529696+00'),
	('4bb74a85-68b5-4e7f-b780-a5657b04bff6', NULL, 'Salud', 'expense', '⚕️', NULL, NULL, '2026-06-18 23:20:06.529696+00'),
	('604dddf4-292f-4176-9cb3-6d0baf1d1ff3', NULL, 'Ocio', 'expense', '🎉', NULL, NULL, '2026-06-18 23:20:06.529696+00'),
	('1f0a43ae-3296-461b-9924-fbddf4927bcd', NULL, 'Restaurantes', 'expense', '🍽️', NULL, NULL, '2026-06-18 23:20:06.529696+00'),
	('90997844-05d4-4bd5-bebe-868406e5b499', NULL, 'Educación', 'expense', '📚', NULL, NULL, '2026-06-18 23:20:06.529696+00'),
	('8f6daf95-d4fc-4e6c-8609-608ffb8efbd6', NULL, 'Compras', 'expense', '🛍️', NULL, NULL, '2026-06-18 23:20:06.529696+00'),
	('b6b3ea41-48b1-4d04-9464-3847dc6aabdf', NULL, 'Otros gastos', 'expense', '📦', NULL, NULL, '2026-06-18 23:20:06.529696+00'),
	('b7b908b0-ca9b-48f3-afab-0ebb2c5bc3e7', NULL, 'Sueldo', 'income', '💼', NULL, NULL, '2026-06-18 23:20:06.529696+00'),
	('a1911978-844f-4feb-975f-8176f5325d26', NULL, 'Transferencia', 'income', '💸', NULL, NULL, '2026-06-18 23:20:06.529696+00'),
	('67af92b3-86e7-4005-8b31-073573a90e78', NULL, 'Reintegro', 'income', '↩️', NULL, NULL, '2026-06-18 23:20:06.529696+00'),
	('7e7dfcf9-6824-4a4e-afa0-ef35775f3acd', NULL, 'Otros ingresos', 'income', '➕', NULL, NULL, '2026-06-18 23:20:06.529696+00'),
	('40166800-6880-4ab4-9a98-8c8a232b8527', NULL, 'Impuestos', 'expense', '🧾', NULL, NULL, '2026-06-29 02:54:35.866509+00'),
	('9485bb7b-bb28-40dc-af1a-24f7ec49e3c3', 'ccda33c3-edb9-4b60-952a-f9cce53ed293', 'Mascotas', 'expense', NULL, NULL, NULL, '2026-07-09 18:22:25.670215+00');


--
-- Data for Name: fx_rates; Type: TABLE DATA; Schema: public; Owner: postgres
--

INSERT INTO "public"."fx_rates" ("id", "date", "source", "quote", "currency", "buy", "sell", "created_at") VALUES
	('7b93379c-19fb-4288-bc78-80f85c969d65', '2026-06-19', 'dolarapi', 'oficial', 'USD', 1432.0500, 1481.9400, '2026-06-21 18:28:29.703027+00'),
	('2eb64707-4cb4-4ca1-9b0e-55c7b0352ff9', '2026-06-21', 'dolarapi', 'blue', 'USD', 1460.0000, 1480.0000, '2026-06-21 18:28:29.703027+00'),
	('80853b80-7acc-4b51-874f-a750a2ca433b', '2026-06-21', 'dolarapi', 'mep', 'USD', 1475.0000, 1478.2000, '2026-06-21 18:28:29.703027+00'),
	('a790f552-db24-4d6e-a456-12ca9a59e301', '2026-06-22', 'dolarapi', 'oficial', 'USD', 1431.5400, 1481.7900, '2026-06-22 22:00:02.035469+00'),
	('44d8de2b-f513-402a-b66b-36d559c638e1', '2026-06-22', 'dolarapi', 'blue', 'USD', 1475.0000, 1495.0000, '2026-06-22 22:00:02.035469+00'),
	('d77e66d7-7703-4dc8-8897-69709d2457fc', '2026-06-22', 'dolarapi', 'mep', 'USD', 1482.1000, 1485.8000, '2026-06-22 22:00:02.035469+00'),
	('c0ee338d-d0c5-4f0b-8dc3-1ce347ec444c', '2026-06-23', 'dolarapi', 'oficial', 'USD', 1440.0000, 1490.0000, '2026-06-23 22:00:01.956573+00'),
	('c97a7ec7-2a1e-46b8-84b7-06bbb48a3aea', '2026-06-23', 'dolarapi', 'blue', 'USD', 1485.0000, 1505.0000, '2026-06-23 22:00:01.956573+00'),
	('67293b3d-404c-49af-a81a-cbfa75bc4e0b', '2026-06-23', 'dolarapi', 'mep', 'USD', 1505.6000, 1508.4000, '2026-06-23 22:00:01.956573+00'),
	('5e3affc3-fe9e-4f22-9faa-0b401089db2b', '2026-06-24', 'dolarapi', 'oficial', 'USD', 1445.0000, 1495.0000, '2026-06-24 22:00:02.534886+00'),
	('65774e80-d7ef-4af8-b694-0734b26a3907', '2026-06-24', 'dolarapi', 'blue', 'USD', 1510.0000, 1530.0000, '2026-06-24 22:00:02.534886+00'),
	('cb7a4887-83c0-4cb7-80dc-d70cdc9b526a', '2026-06-24', 'dolarapi', 'mep', 'USD', 1502.4000, 1507.7000, '2026-06-24 22:00:02.534886+00'),
	('8152bf20-7007-4920-9f2d-e370e19fbbed', '2026-06-25', 'dolarapi', 'oficial', 'USD', 1445.0000, 1495.0000, '2026-06-25 22:00:02.547064+00'),
	('84fe4486-f3b1-4121-94db-f50ef205e2f1', '2026-06-25', 'dolarapi', 'blue', 'USD', 1510.0000, 1530.0000, '2026-06-25 22:00:02.547064+00'),
	('1daa00b8-bec3-444f-a21a-8d0137bbd772', '2026-06-25', 'dolarapi', 'mep', 'USD', 1498.9000, 1501.8000, '2026-06-25 22:00:02.547064+00'),
	('fab276ef-2dca-4e9e-8b16-106aa137eb0f', '2026-06-26', 'dolarapi', 'blue', 'USD', 1495.0000, 1515.0000, '2026-06-26 22:00:02.775078+00'),
	('e01062f8-1243-4d51-87e1-50090df7105d', '2026-06-26', 'dolarapi', 'mep', 'USD', 1499.3000, 1502.5000, '2026-06-26 22:00:02.775078+00'),
	('064035f5-7539-4a53-a1c2-99116b5573c3', '2026-06-27', 'dolarapi', 'blue', 'USD', 1495.0000, 1515.0000, '2026-06-27 22:00:03.218092+00'),
	('0b4d781c-d4dd-4a61-afcc-f53c5951a948', '2026-06-27', 'dolarapi', 'mep', 'USD', 1499.3000, 1502.5000, '2026-06-27 22:00:03.218092+00'),
	('0335c79e-56e4-4fd3-a320-c4940783ac28', '2026-06-26', 'dolarapi', 'oficial', 'USD', 1445.0000, 1495.0000, '2026-06-26 22:00:02.775078+00'),
	('7bc036e0-ba31-4d70-9067-b10254e7bf69', '2026-06-28', 'dolarapi', 'blue', 'USD', 1495.0000, 1515.0000, '2026-06-28 22:00:03.372694+00'),
	('2e52dacc-a46c-4048-abce-e90aca0e64a2', '2026-06-28', 'dolarapi', 'mep', 'USD', 1499.3000, 1502.5000, '2026-06-28 22:00:03.372694+00'),
	('340dc576-cd64-4fb6-8bd0-4e45139cef29', '2026-06-29', 'dolarapi', 'oficial', 'USD', 1445.0000, 1495.0000, '2026-06-29 22:00:02.569886+00'),
	('a348cdea-08c0-40f8-9271-495129fd7370', '2026-06-29', 'dolarapi', 'blue', 'USD', 1490.0000, 1510.0000, '2026-06-29 22:00:02.569886+00'),
	('42529e0e-0d61-4d93-bb8c-26b42c177243', '2026-06-29', 'dolarapi', 'mep', 'USD', 1506.1000, 1508.7000, '2026-06-29 22:00:02.569886+00'),
	('068b6da2-45e7-4bc3-b58b-2bbf09a32fd5', '2026-06-30', 'dolarapi', 'oficial', 'USD', 1450.0000, 1500.0000, '2026-06-30 22:00:02.991359+00'),
	('1b7e6bf1-cd8d-4987-a111-4d8ba9ff6cda', '2026-06-30', 'dolarapi', 'blue', 'USD', 1495.0000, 1515.0000, '2026-06-30 22:00:02.991359+00'),
	('6cf0434a-3e71-4c49-ac3e-c6479288dd6c', '2026-06-30', 'dolarapi', 'mep', 'USD', 1515.7000, 1519.0000, '2026-06-30 22:00:02.991359+00'),
	('f42c2524-75fb-4aff-a842-9e4b77325f8a', '2026-07-01', 'dolarapi', 'oficial', 'USD', 1460.0000, 1510.0000, '2026-07-01 22:00:02.203818+00'),
	('49c4d5fb-50cf-4bd2-ac51-0e46d1e8979f', '2026-07-01', 'dolarapi', 'blue', 'USD', 1505.0000, 1525.0000, '2026-07-01 22:00:02.203818+00'),
	('91b476ec-4a87-43c7-83fc-2cbb9d0ca6bd', '2026-07-01', 'dolarapi', 'mep', 'USD', 1517.2000, 1521.2000, '2026-07-01 22:00:02.203818+00'),
	('4d724484-940a-4829-96c5-2488b628f40a', '2026-07-02', 'dolarapi', 'oficial', 'USD', 1460.0000, 1510.0000, '2026-07-02 22:00:02.526513+00'),
	('42641f3f-0a27-4f3e-b00f-7d9605082411', '2026-07-02', 'dolarapi', 'blue', 'USD', 1505.0000, 1525.0000, '2026-07-02 22:00:02.526513+00'),
	('7784a684-e4ae-42f1-977c-4da68867b855', '2026-07-02', 'dolarapi', 'mep', 'USD', 1527.0000, 1532.4000, '2026-07-02 22:00:02.526513+00'),
	('ed3e85bb-6e50-45ba-9e02-703cca469847', '2026-07-03', 'dolarapi', 'blue', 'USD', 1490.0000, 1510.0000, '2026-07-03 22:00:02.469321+00'),
	('5034a4d6-c9c0-4a45-ab74-04d148c71962', '2026-07-03', 'dolarapi', 'mep', 'USD', 1522.9000, 1526.0000, '2026-07-03 22:00:02.469321+00'),
	('2886068a-f266-4cf0-b6dc-632144275639', '2026-07-04', 'dolarapi', 'blue', 'USD', 1490.0000, 1510.0000, '2026-07-04 22:00:03.602988+00'),
	('c545e0cb-1298-43b6-b599-9c6583456bb4', '2026-07-04', 'dolarapi', 'mep', 'USD', 1522.9000, 1526.0000, '2026-07-04 22:00:03.602988+00'),
	('b6795832-ce4a-43f6-b87a-719f4b2f68fe', '2026-07-03', 'dolarapi', 'oficial', 'USD', 1460.0000, 1510.0000, '2026-07-03 22:00:02.469321+00'),
	('e818371b-f821-4310-88b3-2b312e438e7a', '2026-07-05', 'dolarapi', 'blue', 'USD', 1490.0000, 1510.0000, '2026-07-05 22:00:02.916987+00'),
	('f49d3401-44b6-4f3b-8fe8-779fc2d9db85', '2026-07-05', 'dolarapi', 'mep', 'USD', 1522.9000, 1526.0000, '2026-07-05 22:00:02.916987+00'),
	('675149b2-1de2-4f6c-b7d8-867c33589e91', '2026-07-06', 'dolarapi', 'oficial', 'USD', 1460.0000, 1510.0000, '2026-07-06 22:00:02.117693+00'),
	('b5398ba7-396c-436a-879d-f02fb89aa805', '2026-07-06', 'dolarapi', 'blue', 'USD', 1495.0000, 1515.0000, '2026-07-06 22:00:02.117693+00'),
	('e93a794e-74de-424f-b692-9fcdc9d5c73f', '2026-07-06', 'dolarapi', 'mep', 'USD', 1521.1000, 1525.1000, '2026-07-06 22:00:02.117693+00'),
	('f3560f09-c238-4780-b814-c7dfcc31af5f', '2026-07-07', 'dolarapi', 'oficial', 'USD', 1465.0000, 1515.0000, '2026-07-07 22:00:02.407921+00'),
	('d1b2e793-8760-46fb-b1f7-32ccd938ce0c', '2026-07-07', 'dolarapi', 'blue', 'USD', 1495.0000, 1515.0000, '2026-07-07 22:00:02.407921+00'),
	('ae58ca5a-665b-40f1-85b8-1a1b46354f60', '2026-07-07', 'dolarapi', 'mep', 'USD', 1527.6000, 1531.3000, '2026-07-07 22:00:02.407921+00'),
	('7725e62c-72b3-4f04-8f72-9c4fd1515b81', '2026-07-08', 'dolarapi', 'blue', 'USD', 1490.0000, 1510.0000, '2026-07-08 22:00:02.074452+00'),
	('a0b4279d-4b21-4bf0-b925-13b1a637d0f2', '2026-07-08', 'dolarapi', 'mep', 'USD', 1525.2000, 1531.6000, '2026-07-08 22:00:02.074452+00'),
	('2a235fa7-43fc-4f50-9dfb-315328a9f255', '2026-07-09', 'dolarapi', 'blue', 'USD', 1490.0000, 1510.0000, '2026-07-09 22:00:02.569154+00'),
	('395b21de-506b-44cf-8912-7716165099e5', '2026-07-09', 'dolarapi', 'mep', 'USD', 1525.2000, 1531.6000, '2026-07-09 22:00:02.569154+00'),
	('c035619a-7d0b-4a2b-8016-fbac61d46edf', '2026-07-10', 'dolarapi', 'blue', 'USD', 1490.0000, 1510.0000, '2026-07-10 22:00:02.996109+00'),
	('b87a06ce-9793-432b-bbb2-dcc8882af0a4', '2026-07-10', 'dolarapi', 'mep', 'USD', 1513.3000, 1532.7000, '2026-07-10 22:00:02.996109+00'),
	('c5b820e6-84f5-4de9-bb78-2bbe9b5115eb', '2026-07-11', 'dolarapi', 'blue', 'USD', 1490.0000, 1510.0000, '2026-07-11 22:00:02.973399+00'),
	('532c32bf-8540-4610-a071-2a62b6c8f043', '2026-07-11', 'dolarapi', 'mep', 'USD', 1513.3000, 1532.7000, '2026-07-11 22:00:02.973399+00'),
	('479130d1-305d-43cb-9f21-cc3ef43a750c', '2026-07-08', 'dolarapi', 'oficial', 'USD', 1460.0000, 1510.0000, '2026-07-08 22:00:02.074452+00'),
	('0d7d632e-8785-4b0b-b3ce-9339e9af15a5', '2026-07-12', 'dolarapi', 'blue', 'USD', 1490.0000, 1510.0000, '2026-07-12 22:00:03.079849+00'),
	('ca8b4add-96ff-4209-84d8-44a409a7f915', '2026-07-12', 'dolarapi', 'mep', 'USD', 1513.3000, 1532.7000, '2026-07-12 22:00:03.079849+00');


--
-- Data for Name: invitations; Type: TABLE DATA; Schema: public; Owner: postgres
--

INSERT INTO "public"."invitations" ("id", "workspace_id", "email", "role", "token", "status", "invited_by", "expires_at", "created_at") VALUES
	('d0380db0-008f-462d-8bbf-a90702c5212c', 'd26e95a5-4290-4542-bdbd-7238b6fd0b9c', NULL, 'member', 'cd110afb0f70ec4120bf1f90ec1c7461819c83ca44103ad4', 'pending', '7ed8379d-e149-4301-8775-95acabfb53ee', '2026-06-29 00:50:08.428+00', '2026-06-27 00:50:08.666112+00'),
	('7163f186-6483-4e6a-9235-fb56d54c7691', 'ccda33c3-edb9-4b60-952a-f9cce53ed293', NULL, 'member', 'c5c2b85799eae5fd25dbb90d3793297c4feef5c79b6c1932', 'pending', '7ed8379d-e149-4301-8775-95acabfb53ee', '2026-06-29 17:30:39.106+00', '2026-06-27 17:30:39.302629+00'),
	('d13df02b-c260-4fc9-8a81-1d330f785543', 'ccda33c3-edb9-4b60-952a-f9cce53ed293', 'lmdpuig@hotmail.com', 'member', '498a4d359ac5f822e5067d3ad7639b510786068fe408806b', 'pending', '7ed8379d-e149-4301-8775-95acabfb53ee', '2026-07-13 21:54:05.965485+00', '2026-07-06 21:54:05.965485+00'),
	('f1ccb9ff-97f7-4ae3-9ff8-8a070bcd997c', 'ccda33c3-edb9-4b60-952a-f9cce53ed293', NULL, 'member', 'ce309b2ad6003e850e48c20d9507ca50ef09b156ffb2e8be', 'pending', '7ed8379d-e149-4301-8775-95acabfb53ee', '2026-07-11 15:15:58.292+00', '2026-07-09 15:15:57.383401+00'),
	('ce114433-dafc-4283-b921-fde46a2c0a1c', 'd26e95a5-4290-4542-bdbd-7238b6fd0b9c', NULL, 'member', '3b96247c6ccde280df4e1c35a2875abba05216d55f315c17', 'pending', '7ed8379d-e149-4301-8775-95acabfb53ee', '2026-07-11 17:47:27.72+00', '2026-07-09 17:47:26.563818+00');


--
-- Data for Name: persona_aliases; Type: TABLE DATA; Schema: public; Owner: postgres
--

INSERT INTO "public"."persona_aliases" ("id", "user_id", "workspace_id", "persona_key", "alias", "created_at", "updated_at") VALUES
	('6a3fef86-6d4d-4265-ae83-94bdd2b4935a', '7ed8379d-e149-4301-8775-95acabfb53ee', 'ccda33c3-edb9-4b60-952a-f9cce53ed293', 'member:79658d64-c885-45b4-91e6-d86dc319a273', 'Diogenes Puig', '2026-07-09 18:24:54.475335+00', '2026-07-09 18:24:54.475335+00');


--
-- Data for Name: transactions; Type: TABLE DATA; Schema: public; Owner: postgres
--

INSERT INTO "public"."transactions" ("id", "workspace_id", "type", "amount", "currency", "amount_base", "fx_rate", "fx_date", "occurred_on", "charged_on", "description", "category_id", "account_id", "created_by", "source", "is_shared", "attachment_id", "external_hash", "created_at", "updated_at", "installment_n", "installment_total", "bank") VALUES
	('d778a25e-2494-428a-a23c-693abbe8342b', 'd26e95a5-4290-4542-bdbd-7238b6fd0b9c', 'income', 2200.50, 'ARS', NULL, NULL, NULL, '2026-06-21', NULL, 'Transferencia de prueba F2-11', NULL, 'd4e7576c-da5c-4df4-bdd8-bc1bb466dbee', '7ed8379d-e149-4301-8775-95acabfb53ee', 'ocr', false, '56701ccd-fff0-4b1d-ab36-f39c5a42185d', NULL, '2026-06-23 19:15:23.646917+00', '2026-06-23 19:15:23.646917+00', NULL, NULL, 'Banco Galicia'),
	('d0039a34-1808-4aa2-8244-95f0c9823d4f', 'd26e95a5-4290-4542-bdbd-7238b6fd0b9c', 'expense', 1350.00, 'ARS', NULL, NULL, NULL, '2026-05-04', '2026-05-21', 'NAC SE11/0923093600201', NULL, '70cb0910-e5b4-4727-87fa-2dca6b7dfa31', '7ed8379d-e149-4301-8775-95acabfb53ee', 'statement_import', false, '13887bde-9d6d-471b-ac87-c5d90c092bc4', 'stmt|----|2026-05-04|1350.00||#05308', '2026-06-23 19:42:45.794821+00', '2026-06-23 19:42:45.794821+00', NULL, NULL, NULL),
	('e9a69f2f-d6b4-474d-a287-615a4d419be3', 'd26e95a5-4290-4542-bdbd-7238b6fd0b9c', 'expense', 24570.00, 'ARS', NULL, NULL, NULL, '2025-11-05', '2026-05-21', 'COMISION AAP', NULL, '70cb0910-e5b4-4727-87fa-2dca6b7dfa31', '7ed8379d-e149-4301-8775-95acabfb53ee', 'statement_import', false, '13887bde-9d6d-471b-ac87-c5d90c092bc4', 'stmt|----|2025-11-05|24570.00|7/12|#06995', '2026-06-23 19:42:45.794821+00', '2026-06-23 19:42:45.794821+00', 7, 12, NULL),
	('b8d14478-4bfd-44b3-b93f-a62e4f7793b6', 'd26e95a5-4290-4542-bdbd-7238b6fd0b9c', 'expense', 16566.50, 'ARS', NULL, NULL, NULL, '2025-12-23', '2026-05-21', 'YENNY CORDOBA SHOPPING', '8f6daf95-d4fc-4e6c-8609-608ffb8efbd6', '70cb0910-e5b4-4727-87fa-2dca6b7dfa31', '7ed8379d-e149-4301-8775-95acabfb53ee', 'statement_import', false, '13887bde-9d6d-471b-ac87-c5d90c092bc4', 'stmt|----|2025-12-23|16566.50|6/6|#04280', '2026-06-23 19:42:45.794821+00', '2026-06-23 19:42:45.794821+00', 6, 6, NULL),
	('9233beb4-4384-4a47-ac49-f28d044e08a1', 'd26e95a5-4290-4542-bdbd-7238b6fd0b9c', 'expense', 49724.63, 'ARS', NULL, NULL, NULL, '2026-05-06', '2026-05-21', 'MOD*CARREFOUR CBA', '85a32e0e-aee2-46bf-b84a-80c1f0881153', '3cba50ad-5017-4b8a-8a9f-0e7b610f9d31', '7ed8379d-e149-4301-8775-95acabfb53ee', 'statement_import', false, '13887bde-9d6d-471b-ac87-c5d90c092bc4', 'stmt|----|2026-05-06|49724.63||#04625', '2026-06-23 19:42:45.794821+00', '2026-06-23 19:42:45.794821+00', NULL, NULL, NULL),
	('b83e07ca-4d98-4637-9777-3996c93d91b5', 'd26e95a5-4290-4542-bdbd-7238b6fd0b9c', 'expense', 50000.00, 'ARS', NULL, NULL, NULL, '2026-05-13', '2026-05-21', 'MOD*CARREFOUR CBA', '85a32e0e-aee2-46bf-b84a-80c1f0881153', '3cba50ad-5017-4b8a-8a9f-0e7b610f9d31', '7ed8379d-e149-4301-8775-95acabfb53ee', 'statement_import', false, '13887bde-9d6d-471b-ac87-c5d90c092bc4', 'stmt|----|2026-05-13|50000.00||#00450', '2026-06-23 19:42:45.794821+00', '2026-06-23 19:42:45.794821+00', NULL, NULL, NULL),
	('37cc4af4-d293-456f-a447-129c7abdfd74', 'd26e95a5-4290-4542-bdbd-7238b6fd0b9c', 'expense', 32484.57, 'ARS', NULL, NULL, NULL, '2026-01-18', '2026-05-21', 'AEROLINEAS ARGENTINA', '73a3b3cb-4256-4353-b570-330004cf6f16', '3cba50ad-5017-4b8a-8a9f-0e7b610f9d31', '7ed8379d-e149-4301-8775-95acabfb53ee', 'statement_import', false, '13887bde-9d6d-471b-ac87-c5d90c092bc4', 'stmt|----|2026-01-18|32484.57|5/6|#00238', '2026-06-23 19:42:45.794821+00', '2026-06-23 19:42:45.794821+00', 5, 6, NULL),
	('55daef29-8665-450e-beea-84bb81f0d9c4', 'd26e95a5-4290-4542-bdbd-7238b6fd0b9c', 'expense', 2969.00, 'ARS', NULL, NULL, NULL, '2026-01-18', '2026-05-21', 'ATRAPALO', NULL, '3cba50ad-5017-4b8a-8a9f-0e7b610f9d31', '7ed8379d-e149-4301-8775-95acabfb53ee', 'statement_import', false, '13887bde-9d6d-471b-ac87-c5d90c092bc4', 'stmt|----|2026-01-18|2969.00|5/6|#06919', '2026-06-23 19:42:45.794821+00', '2026-06-23 19:42:45.794821+00', 5, 6, NULL),
	('fc11eae1-67eb-4d2b-bc1d-b73d0f95e6f5', 'd26e95a5-4290-4542-bdbd-7238b6fd0b9c', 'expense', 6099.00, 'ARS', NULL, NULL, NULL, '2026-05-15', '2026-05-28', 'PAYU*AR*UBER', '73a3b3cb-4256-4353-b570-330004cf6f16', '60e2896d-2630-4e8c-a217-30da689720f2', '7ed8379d-e149-4301-8775-95acabfb53ee', 'statement_import', false, 'b65c7cf3-02b5-4ff4-a1f7-bd0e457c6628', 'stmt|0344|2026-05-15|6099.00||#006532', '2026-06-23 19:46:08.431238+00', '2026-06-23 19:46:08.431238+00', NULL, NULL, NULL),
	('767cc057-1ac5-4906-80ef-458f6458e5d6', 'd26e95a5-4290-4542-bdbd-7238b6fd0b9c', 'expense', 17100.00, 'ARS', NULL, NULL, NULL, '2026-05-15', '2026-05-28', 'CLINICA UNIVERSITARIA REI', '4bb74a85-68b5-4e7f-b780-a5657b04bff6', '60e2896d-2630-4e8c-a217-30da689720f2', '7ed8379d-e149-4301-8775-95acabfb53ee', 'statement_import', false, 'b65c7cf3-02b5-4ff4-a1f7-bd0e457c6628', 'stmt|0344|2026-05-15|17100.00||#008164', '2026-06-23 19:46:08.431238+00', '2026-06-23 19:46:08.431238+00', NULL, NULL, NULL),
	('720c53d8-1f3e-4928-bc8c-27dcb4eb7684', 'd26e95a5-4290-4542-bdbd-7238b6fd0b9c', 'expense', 304219.06, 'ARS', NULL, NULL, NULL, '2026-05-18', '2026-05-28', 'PERSONAL 300077782611001', 'f780ee38-c81c-4f63-8144-e372755d990f', '60e2896d-2630-4e8c-a217-30da689720f2', '7ed8379d-e149-4301-8775-95acabfb53ee', 'statement_import', false, 'b65c7cf3-02b5-4ff4-a1f7-bd0e457c6628', 'stmt|0344|2026-05-18|304219.06||#008957', '2026-06-23 19:46:08.431238+00', '2026-06-23 19:46:08.431238+00', NULL, NULL, NULL),
	('0109ef19-c199-4fa0-a92f-e1d0cf0f71de', 'd26e95a5-4290-4542-bdbd-7238b6fd0b9c', 'expense', 138218.50, 'ARS', NULL, NULL, NULL, '2026-05-19', '2026-05-28', 'PAGOS360*EPEC', NULL, '60e2896d-2630-4e8c-a217-30da689720f2', '7ed8379d-e149-4301-8775-95acabfb53ee', 'statement_import', false, 'b65c7cf3-02b5-4ff4-a1f7-bd0e457c6628', 'stmt|0344|2026-05-19|138218.50||#007260', '2026-06-23 19:46:08.431238+00', '2026-06-23 19:46:08.431238+00', NULL, NULL, NULL),
	('b0758d96-eefc-40f6-928a-96989af5efe3', 'd26e95a5-4290-4542-bdbd-7238b6fd0b9c', 'expense', 6405.00, 'ARS', NULL, NULL, NULL, '2026-05-06', '2026-05-28', 'EXPRESS MAESTRO VIDAL 304', NULL, '77a7506d-c0f3-4b74-beaf-05379e0e4c01', '7ed8379d-e149-4301-8775-95acabfb53ee', 'statement_import', false, 'b65c7cf3-02b5-4ff4-a1f7-bd0e457c6628', 'stmt|0351|2026-05-06|6405.00||#000995', '2026-06-23 19:46:08.431238+00', '2026-06-23 19:46:08.431238+00', NULL, NULL, NULL),
	('255db68e-21cf-482c-bb07-48b52ebce8fa', 'd26e95a5-4290-4542-bdbd-7238b6fd0b9c', 'expense', 3240.00, 'ARS', NULL, NULL, NULL, '2026-05-07', '2026-05-28', 'LA CELESTE', '1f0a43ae-3296-461b-9924-fbddf4927bcd', '77a7506d-c0f3-4b74-beaf-05379e0e4c01', '7ed8379d-e149-4301-8775-95acabfb53ee', 'statement_import', false, 'b65c7cf3-02b5-4ff4-a1f7-bd0e457c6628', 'stmt|0351|2026-05-07|3240.00||#433143', '2026-06-23 19:46:08.431238+00', '2026-06-23 19:46:08.431238+00', NULL, NULL, NULL),
	('a1d8e1ee-ca77-4b33-b948-736465d08c44', 'd26e95a5-4290-4542-bdbd-7238b6fd0b9c', 'expense', 7129.22, 'ARS', NULL, NULL, NULL, '2026-05-28', '2026-05-28', 'IMPUESTO DE SELLOS', NULL, NULL, '7ed8379d-e149-4301-8775-95acabfb53ee', 'statement_import', false, 'b65c7cf3-02b5-4ff4-a1f7-bd0e457c6628', 'stmt|----|2026-05-28|7129.22||IMPUESTO DE SELLOS', '2026-06-23 19:46:08.431238+00', '2026-06-23 19:46:08.431238+00', NULL, NULL, NULL),
	('b4108b0b-848a-4ad4-83bd-132002f47d04', 'd26e95a5-4290-4542-bdbd-7238b6fd0b9c', 'expense', 21094.23, 'ARS', NULL, NULL, NULL, '2026-04-24', '2026-05-21', 'PEDIDOSYA*MARKET', '1f0a43ae-3296-461b-9924-fbddf4927bcd', 'bee6f1fc-3c46-4ff5-971c-0e73da05002a', '7ed8379d-e149-4301-8775-95acabfb53ee', 'statement_import', false, 'bf79f2bc-f908-4e93-9c02-7f3155e0c662', 'stmt|9099|2026-04-24|21094.23||#003770', '2026-06-23 19:47:00.09907+00', '2026-06-23 19:47:00.09907+00', NULL, NULL, NULL),
	('bec20d94-b2a0-412d-b228-0cca144b8e32', 'd26e95a5-4290-4542-bdbd-7238b6fd0b9c', 'expense', 207.68, 'ARS', NULL, NULL, NULL, '2026-04-24', '2026-05-21', 'PEDIDOSYA*EXTRA', '1f0a43ae-3296-461b-9924-fbddf4927bcd', 'bee6f1fc-3c46-4ff5-971c-0e73da05002a', '7ed8379d-e149-4301-8775-95acabfb53ee', 'statement_import', false, 'bf79f2bc-f908-4e93-9c02-7f3155e0c662', 'stmt|9099|2026-04-24|207.68||#003735', '2026-06-23 19:47:00.09907+00', '2026-06-23 19:47:00.09907+00', NULL, NULL, NULL),
	('39ec137e-f880-4537-a5e5-9d260965598f', 'd26e95a5-4290-4542-bdbd-7238b6fd0b9c', 'expense', 9429.00, 'ARS', NULL, NULL, NULL, '2026-04-26', '2026-05-21', 'PEDIDOSYA*MCDONALDS W2C', '1f0a43ae-3296-461b-9924-fbddf4927bcd', 'bee6f1fc-3c46-4ff5-971c-0e73da05002a', '7ed8379d-e149-4301-8775-95acabfb53ee', 'statement_import', false, 'bf79f2bc-f908-4e93-9c02-7f3155e0c662', 'stmt|9099|2026-04-26|9429.00||#005296', '2026-06-23 19:47:00.09907+00', '2026-06-23 19:47:00.09907+00', NULL, NULL, NULL),
	('210b3583-b02b-4e50-b1c2-a9c612a01eda', 'd26e95a5-4290-4542-bdbd-7238b6fd0b9c', 'expense', 12552.50, 'ARS', NULL, NULL, NULL, '2026-05-12', '2026-05-21', 'PEDIDOSYA*MARKET', '1f0a43ae-3296-461b-9924-fbddf4927bcd', 'bee6f1fc-3c46-4ff5-971c-0e73da05002a', '7ed8379d-e149-4301-8775-95acabfb53ee', 'statement_import', false, 'bf79f2bc-f908-4e93-9c02-7f3155e0c662', 'stmt|9099|2026-05-12|12552.50||#007094', '2026-06-23 19:47:00.09907+00', '2026-06-23 19:47:00.09907+00', NULL, NULL, NULL),
	('4a49a161-1d2f-47e9-b169-f26211888f17', 'd26e95a5-4290-4542-bdbd-7238b6fd0b9c', 'expense', 26010.00, 'ARS', NULL, NULL, NULL, '2026-05-16', '2026-05-21', 'PEDIDOSYA*IT ITALY NUEV', '1f0a43ae-3296-461b-9924-fbddf4927bcd', 'bee6f1fc-3c46-4ff5-971c-0e73da05002a', '7ed8379d-e149-4301-8775-95acabfb53ee', 'statement_import', false, 'bf79f2bc-f908-4e93-9c02-7f3155e0c662', 'stmt|9099|2026-05-16|26010.00||#005445', '2026-06-23 19:47:00.09907+00', '2026-06-23 19:47:00.09907+00', NULL, NULL, NULL),
	('e4aa155e-306a-4753-88cf-1be36bb62f46', 'd26e95a5-4290-4542-bdbd-7238b6fd0b9c', 'expense', 45000.00, 'ARS', NULL, NULL, NULL, '2026-05-20', '2026-05-21', 'MANANTIAL BOTANICO', NULL, 'bee6f1fc-3c46-4ff5-971c-0e73da05002a', '7ed8379d-e149-4301-8775-95acabfb53ee', 'statement_import', false, 'bf79f2bc-f908-4e93-9c02-7f3155e0c662', 'stmt|9099|2026-05-20|45000.00||#005240', '2026-06-23 19:47:00.09907+00', '2026-06-23 19:47:00.09907+00', NULL, NULL, NULL),
	('27c4e08e-9398-4ca8-af84-45e5d21c11af', 'd26e95a5-4290-4542-bdbd-7238b6fd0b9c', 'expense', 11566.66, 'ARS', NULL, NULL, NULL, '2026-03-30', '2026-05-21', 'FARMACITY FUNES Y NA', '4bb74a85-68b5-4e7f-b780-a5657b04bff6', '0095815d-dc30-4c40-8e2d-1191f34e056b', '7ed8379d-e149-4301-8775-95acabfb53ee', 'statement_import', false, 'bf79f2bc-f908-4e93-9c02-7f3155e0c662', 'stmt|9107|2026-03-30|11566.66|2/3|#007104', '2026-06-23 19:47:00.09907+00', '2026-06-23 19:47:00.09907+00', 2, 3, NULL),
	('fc0b733b-64b6-4ae5-a281-d1bbdf9c97c3', 'd26e95a5-4290-4542-bdbd-7238b6fd0b9c', 'expense', 50158.79, 'ARS', NULL, NULL, NULL, '2026-04-26', '2026-05-21', 'HIPER CHANGOMAS CBA OE', '85a32e0e-aee2-46bf-b84a-80c1f0881153', '0095815d-dc30-4c40-8e2d-1191f34e056b', '7ed8379d-e149-4301-8775-95acabfb53ee', 'statement_import', false, 'bf79f2bc-f908-4e93-9c02-7f3155e0c662', 'stmt|9107|2026-04-26|50158.79||#336381', '2026-06-23 19:47:00.09907+00', '2026-06-23 19:47:00.09907+00', NULL, NULL, NULL),
	('58cf1e5d-bc57-4974-9f2a-f854bde38feb', 'd26e95a5-4290-4542-bdbd-7238b6fd0b9c', 'expense', 7330.00, 'ARS', NULL, NULL, NULL, '2026-04-27', '2026-05-21', 'PAYU*AR*UBER', '73a3b3cb-4256-4353-b570-330004cf6f16', '0095815d-dc30-4c40-8e2d-1191f34e056b', '7ed8379d-e149-4301-8775-95acabfb53ee', 'statement_import', false, 'bf79f2bc-f908-4e93-9c02-7f3155e0c662', 'stmt|9107|2026-04-27|7330.00||#009395', '2026-06-23 19:47:00.09907+00', '2026-06-23 19:47:00.09907+00', NULL, NULL, NULL),
	('a831ed78-e777-4ced-9030-e72922807068', 'd26e95a5-4290-4542-bdbd-7238b6fd0b9c', 'expense', 9529.00, 'ARS', NULL, NULL, NULL, '2026-04-28', '2026-05-21', 'DLO*PEDIDOSYA HELADOS', '1f0a43ae-3296-461b-9924-fbddf4927bcd', '0095815d-dc30-4c40-8e2d-1191f34e056b', '7ed8379d-e149-4301-8775-95acabfb53ee', 'statement_import', false, 'bf79f2bc-f908-4e93-9c02-7f3155e0c662', 'stmt|9107|2026-04-28|9529.00||#005656', '2026-06-23 19:47:00.09907+00', '2026-06-23 19:47:00.09907+00', NULL, NULL, NULL),
	('6c16ab88-a20c-4808-9c0f-a31fee85f9e0', 'd26e95a5-4290-4542-bdbd-7238b6fd0b9c', 'expense', 5349.50, 'ARS', NULL, NULL, NULL, '2026-04-29', '2026-05-21', 'MERPAGO*JORGEALBERTOMERCA', NULL, '0095815d-dc30-4c40-8e2d-1191f34e056b', '7ed8379d-e149-4301-8775-95acabfb53ee', 'statement_import', false, 'bf79f2bc-f908-4e93-9c02-7f3155e0c662', 'stmt|9107|2026-04-29|5349.50||#387504', '2026-06-23 19:47:00.09907+00', '2026-06-23 19:47:00.09907+00', NULL, NULL, NULL),
	('d9eef9c8-3ec9-4871-8e40-3f07025fe159', 'd26e95a5-4290-4542-bdbd-7238b6fd0b9c', 'expense', 60000.00, 'ARS', NULL, NULL, NULL, '2026-04-29', '2026-05-21', 'CARREFOUR CBA COLON', '85a32e0e-aee2-46bf-b84a-80c1f0881153', '0095815d-dc30-4c40-8e2d-1191f34e056b', '7ed8379d-e149-4301-8775-95acabfb53ee', 'statement_import', false, 'bf79f2bc-f908-4e93-9c02-7f3155e0c662', 'stmt|9107|2026-04-29|60000.00||#001285', '2026-06-23 19:47:00.09907+00', '2026-06-23 19:47:00.09907+00', NULL, NULL, NULL),
	('f196f87c-cbb7-4d2d-88ae-69762e0cee3f', 'd26e95a5-4290-4542-bdbd-7238b6fd0b9c', 'expense', 50000.00, 'ARS', NULL, NULL, NULL, '2026-04-30', '2026-05-21', 'SHELL AV VELEZ SARSFIE', '73a3b3cb-4256-4353-b570-330004cf6f16', '0095815d-dc30-4c40-8e2d-1191f34e056b', '7ed8379d-e149-4301-8775-95acabfb53ee', 'statement_import', false, 'bf79f2bc-f908-4e93-9c02-7f3155e0c662', 'stmt|9107|2026-04-30|50000.00||#800712', '2026-06-23 19:47:00.09907+00', '2026-06-23 19:47:00.09907+00', NULL, NULL, NULL),
	('3a8f5379-d0cd-483c-aa3e-7af697db88c3', 'd26e95a5-4290-4542-bdbd-7238b6fd0b9c', 'expense', 125541.00, 'ARS', NULL, NULL, NULL, '2026-05-02', '2026-05-21', 'CARNES URCA SAS', NULL, '0095815d-dc30-4c40-8e2d-1191f34e056b', '7ed8379d-e149-4301-8775-95acabfb53ee', 'statement_import', false, 'bf79f2bc-f908-4e93-9c02-7f3155e0c662', 'stmt|9107|2026-05-02|125541.00||#843786', '2026-06-23 19:47:00.09907+00', '2026-06-23 19:47:00.09907+00', NULL, NULL, NULL),
	('8d1f7e81-7000-42e3-8ebd-87a5821d5157', 'd26e95a5-4290-4542-bdbd-7238b6fd0b9c', 'expense', 8069.00, 'ARS', NULL, NULL, NULL, '2026-05-02', '2026-05-21', 'REPUBLICA VERDULERIA', NULL, '0095815d-dc30-4c40-8e2d-1191f34e056b', '7ed8379d-e149-4301-8775-95acabfb53ee', 'statement_import', false, 'bf79f2bc-f908-4e93-9c02-7f3155e0c662', 'stmt|9107|2026-05-02|8069.00||#980858', '2026-06-23 19:47:00.09907+00', '2026-06-23 19:47:00.09907+00', NULL, NULL, NULL),
	('2843b1db-123a-4f25-990e-f429e7557ad6', 'd26e95a5-4290-4542-bdbd-7238b6fd0b9c', 'expense', 6600.00, 'ARS', NULL, NULL, NULL, '2026-05-03', '2026-05-21', 'BIN*DESARROLLOS DEL LI', NULL, '0095815d-dc30-4c40-8e2d-1191f34e056b', '7ed8379d-e149-4301-8775-95acabfb53ee', 'statement_import', false, 'bf79f2bc-f908-4e93-9c02-7f3155e0c662', 'stmt|9107|2026-05-03|6600.00||#680277', '2026-06-23 19:47:00.09907+00', '2026-06-23 19:47:00.09907+00', NULL, NULL, NULL),
	('6e3daf39-bb75-45ab-8e52-ca9d68ab1e6c', 'd26e95a5-4290-4542-bdbd-7238b6fd0b9c', 'expense', 4998.00, 'ARS', NULL, NULL, NULL, '2026-05-04', '2026-05-21', 'LA CELESTE', '1f0a43ae-3296-461b-9924-fbddf4927bcd', '0095815d-dc30-4c40-8e2d-1191f34e056b', '7ed8379d-e149-4301-8775-95acabfb53ee', 'statement_import', false, 'bf79f2bc-f908-4e93-9c02-7f3155e0c662', 'stmt|9107|2026-05-04|4998.00||#430975', '2026-06-23 19:47:00.09907+00', '2026-06-23 19:47:00.09907+00', NULL, NULL, NULL),
	('5920ade0-c006-4a3e-a345-5d4d30a08d3e', 'd26e95a5-4290-4542-bdbd-7238b6fd0b9c', 'expense', 7500.00, 'ARS', NULL, NULL, NULL, '2026-05-05', '2026-05-21', 'MERPAGO*ESTMERCADOSUR', NULL, '0095815d-dc30-4c40-8e2d-1191f34e056b', '7ed8379d-e149-4301-8775-95acabfb53ee', 'statement_import', false, 'bf79f2bc-f908-4e93-9c02-7f3155e0c662', 'stmt|9107|2026-05-05|7500.00||#669158', '2026-06-23 19:47:00.09907+00', '2026-06-23 19:47:00.09907+00', NULL, NULL, NULL),
	('e22b88ce-966f-480b-93be-8d3b79a8392b', 'd26e95a5-4290-4542-bdbd-7238b6fd0b9c', 'expense', 6492.00, 'ARS', NULL, NULL, NULL, '2026-05-05', '2026-05-21', 'LA CELESTE', '1f0a43ae-3296-461b-9924-fbddf4927bcd', '0095815d-dc30-4c40-8e2d-1191f34e056b', '7ed8379d-e149-4301-8775-95acabfb53ee', 'statement_import', false, 'bf79f2bc-f908-4e93-9c02-7f3155e0c662', 'stmt|9107|2026-05-05|6492.00||#444525', '2026-06-23 19:47:00.09907+00', '2026-06-23 19:47:00.09907+00', NULL, NULL, NULL),
	('1ee93c5b-f036-40df-889a-a3d30bd19a49', 'd26e95a5-4290-4542-bdbd-7238b6fd0b9c', 'expense', 15871.97, 'ARS', NULL, NULL, NULL, '2026-05-06', '2026-05-21', 'MERPAGO*GRUPOURRGUTSAS', NULL, '0095815d-dc30-4c40-8e2d-1191f34e056b', '7ed8379d-e149-4301-8775-95acabfb53ee', 'statement_import', false, 'bf79f2bc-f908-4e93-9c02-7f3155e0c662', 'stmt|9107|2026-05-06|15871.97||#113620', '2026-06-23 19:47:00.09907+00', '2026-06-23 19:47:00.09907+00', NULL, NULL, NULL),
	('86049d68-630e-41ef-a5c3-1ca39a82fa98', 'd26e95a5-4290-4542-bdbd-7238b6fd0b9c', 'expense', 20000.00, 'ARS', NULL, NULL, NULL, '2026-05-06', '2026-05-21', 'ESSO SERV CASTIñEIRA', NULL, '0095815d-dc30-4c40-8e2d-1191f34e056b', '7ed8379d-e149-4301-8775-95acabfb53ee', 'statement_import', false, 'bf79f2bc-f908-4e93-9c02-7f3155e0c662', 'stmt|9107|2026-05-06|20000.00||#000542', '2026-06-23 19:47:00.09907+00', '2026-06-23 19:47:00.09907+00', NULL, NULL, NULL),
	('4ccc9c97-4f50-472e-863b-a53ee2f48b63', 'd26e95a5-4290-4542-bdbd-7238b6fd0b9c', 'expense', 60000.00, 'ARS', NULL, NULL, NULL, '2026-05-06', '2026-05-21', 'CARREFOUR CBA COLON', '85a32e0e-aee2-46bf-b84a-80c1f0881153', '0095815d-dc30-4c40-8e2d-1191f34e056b', '7ed8379d-e149-4301-8775-95acabfb53ee', 'statement_import', false, 'bf79f2bc-f908-4e93-9c02-7f3155e0c662', 'stmt|9107|2026-05-06|60000.00||#002588', '2026-06-23 19:47:00.09907+00', '2026-06-23 19:47:00.09907+00', NULL, NULL, NULL),
	('0066eb21-27a5-4574-88fc-ad8e76cdee70', 'd26e95a5-4290-4542-bdbd-7238b6fd0b9c', 'expense', 10500.00, 'ARS', NULL, NULL, NULL, '2026-05-07', '2026-05-21', 'MERPAGO*ESTMERCADOSUR', NULL, '0095815d-dc30-4c40-8e2d-1191f34e056b', '7ed8379d-e149-4301-8775-95acabfb53ee', 'statement_import', false, 'bf79f2bc-f908-4e93-9c02-7f3155e0c662', 'stmt|9107|2026-05-07|10500.00||#908296', '2026-06-23 19:47:00.09907+00', '2026-06-23 19:47:00.09907+00', NULL, NULL, NULL),
	('67730ba3-b0c4-4ccd-ac35-cf05fb9c8e9f', 'd26e95a5-4290-4542-bdbd-7238b6fd0b9c', 'expense', 664837.40, 'ARS', NULL, NULL, NULL, '2026-05-07', '2026-05-21', 'DASPU OBRA SOCIAL UNIV', NULL, '0095815d-dc30-4c40-8e2d-1191f34e056b', '7ed8379d-e149-4301-8775-95acabfb53ee', 'statement_import', false, 'bf79f2bc-f908-4e93-9c02-7f3155e0c662', 'stmt|9107|2026-05-07|664837.40||#067880', '2026-06-23 19:47:00.09907+00', '2026-06-23 19:47:00.09907+00', NULL, NULL, NULL),
	('cb021881-b78c-4570-92f1-e95abff3b63b', 'd26e95a5-4290-4542-bdbd-7238b6fd0b9c', 'expense', 1.99, 'ARS', NULL, NULL, NULL, '2026-05-07', '2026-05-21', 'GOOGLE *Google O P1kXMIcU USD', NULL, '0095815d-dc30-4c40-8e2d-1191f34e056b', '7ed8379d-e149-4301-8775-95acabfb53ee', 'statement_import', false, 'bf79f2bc-f908-4e93-9c02-7f3155e0c662', 'stmt|9107|2026-05-07|1.99||#979279', '2026-06-23 19:47:00.09907+00', '2026-06-23 19:47:00.09907+00', NULL, NULL, NULL),
	('a3c11b1c-9bdc-4bfe-a3f2-057df3fd9982', 'd26e95a5-4290-4542-bdbd-7238b6fd0b9c', 'expense', 50000.00, 'ARS', NULL, NULL, NULL, '2026-05-08', '2026-05-21', 'SHELL TROPEZON', '73a3b3cb-4256-4353-b570-330004cf6f16', '0095815d-dc30-4c40-8e2d-1191f34e056b', '7ed8379d-e149-4301-8775-95acabfb53ee', 'statement_import', false, 'bf79f2bc-f908-4e93-9c02-7f3155e0c662', 'stmt|9107|2026-05-08|50000.00||#778605', '2026-06-23 19:47:00.09907+00', '2026-06-23 19:47:00.09907+00', NULL, NULL, NULL),
	('ca173a1e-7601-43a9-adb9-b035dd2ea27b', 'd26e95a5-4290-4542-bdbd-7238b6fd0b9c', 'expense', 5349.50, 'ARS', NULL, NULL, NULL, '2026-05-09', '2026-05-21', 'MERPAGO*ASOCIACIONTALARUG', NULL, '0095815d-dc30-4c40-8e2d-1191f34e056b', '7ed8379d-e149-4301-8775-95acabfb53ee', 'statement_import', false, 'bf79f2bc-f908-4e93-9c02-7f3155e0c662', 'stmt|9107|2026-05-09|5349.50||#165254', '2026-06-23 19:47:00.09907+00', '2026-06-23 19:47:00.09907+00', NULL, NULL, NULL),
	('129340c5-8ed5-4764-9f56-de11f23e332e', 'd26e95a5-4290-4542-bdbd-7238b6fd0b9c', 'expense', 54267.61, 'ARS', NULL, NULL, NULL, '2026-05-09', '2026-05-21', 'HIPER CHANGOMAS CBA OE', '85a32e0e-aee2-46bf-b84a-80c1f0881153', '0095815d-dc30-4c40-8e2d-1191f34e056b', '7ed8379d-e149-4301-8775-95acabfb53ee', 'statement_import', false, 'bf79f2bc-f908-4e93-9c02-7f3155e0c662', 'stmt|9107|2026-05-09|54267.61||#686089', '2026-06-23 19:47:00.09907+00', '2026-06-23 19:47:00.09907+00', NULL, NULL, NULL),
	('f64ed8fc-7860-46e0-9df0-d53f39a2a0bd', 'd26e95a5-4290-4542-bdbd-7238b6fd0b9c', 'expense', 5500.00, 'ARS', NULL, NULL, NULL, '2026-05-10', '2026-05-21', 'MERPAGO*LACELESTE', NULL, '0095815d-dc30-4c40-8e2d-1191f34e056b', '7ed8379d-e149-4301-8775-95acabfb53ee', 'statement_import', false, 'bf79f2bc-f908-4e93-9c02-7f3155e0c662', 'stmt|9107|2026-05-10|5500.00||#967443', '2026-06-23 19:47:00.09907+00', '2026-06-23 19:47:00.09907+00', NULL, NULL, NULL),
	('0bf0205b-33ee-40fb-b5d8-1272afe85398', 'd26e95a5-4290-4542-bdbd-7238b6fd0b9c', 'expense', 10485.02, 'ARS', NULL, NULL, NULL, '2026-05-11', '2026-05-21', 'MERPAGO*FACUNDOMANUELTISS', NULL, '0095815d-dc30-4c40-8e2d-1191f34e056b', '7ed8379d-e149-4301-8775-95acabfb53ee', 'statement_import', false, 'bf79f2bc-f908-4e93-9c02-7f3155e0c662', 'stmt|9107|2026-05-11|10485.02||#482284', '2026-06-23 19:47:00.09907+00', '2026-06-23 19:47:00.09907+00', NULL, NULL, NULL),
	('453e8caa-c9e1-4719-9342-2d8f50b73c56', 'd26e95a5-4290-4542-bdbd-7238b6fd0b9c', 'expense', 12000.00, 'ARS', NULL, NULL, NULL, '2026-05-11', '2026-05-21', 'MERPAGO*ASOCIACIONTEC', NULL, '0095815d-dc30-4c40-8e2d-1191f34e056b', '7ed8379d-e149-4301-8775-95acabfb53ee', 'statement_import', false, 'bf79f2bc-f908-4e93-9c02-7f3155e0c662', 'stmt|9107|2026-05-11|12000.00||#472270', '2026-06-23 19:47:00.09907+00', '2026-06-23 19:47:00.09907+00', NULL, NULL, NULL),
	('b71da399-7320-4d44-acc7-c645e5b4d975', 'd26e95a5-4290-4542-bdbd-7238b6fd0b9c', 'expense', 2000.00, 'ARS', NULL, NULL, NULL, '2026-05-11', '2026-05-21', 'MERPAGO*CANTINAUTN', '1f0a43ae-3296-461b-9924-fbddf4927bcd', '0095815d-dc30-4c40-8e2d-1191f34e056b', '7ed8379d-e149-4301-8775-95acabfb53ee', 'statement_import', false, 'bf79f2bc-f908-4e93-9c02-7f3155e0c662', 'stmt|9107|2026-05-11|2000.00||#380495', '2026-06-23 19:47:00.09907+00', '2026-06-23 19:47:00.09907+00', NULL, NULL, NULL),
	('a05d0b04-d4fd-46fa-9c91-4fbe1ffcbb19', 'd26e95a5-4290-4542-bdbd-7238b6fd0b9c', 'expense', 57010.00, 'ARS', NULL, NULL, NULL, '2026-05-12', '2026-05-21', 'FARMACITY 401', '4bb74a85-68b5-4e7f-b780-a5657b04bff6', '0095815d-dc30-4c40-8e2d-1191f34e056b', '7ed8379d-e149-4301-8775-95acabfb53ee', 'statement_import', false, 'bf79f2bc-f908-4e93-9c02-7f3155e0c662', 'stmt|9107|2026-05-12|57010.00||#003784', '2026-06-23 19:47:00.09907+00', '2026-06-23 19:47:00.09907+00', NULL, NULL, NULL),
	('c6f93ea3-4333-428a-a12a-c30d48f0e0b5', 'd26e95a5-4290-4542-bdbd-7238b6fd0b9c', 'expense', 50000.00, 'ARS', NULL, NULL, NULL, '2026-05-13', '2026-05-21', 'CARREFOUR CBA COLON', '85a32e0e-aee2-46bf-b84a-80c1f0881153', '0095815d-dc30-4c40-8e2d-1191f34e056b', '7ed8379d-e149-4301-8775-95acabfb53ee', 'statement_import', false, 'bf79f2bc-f908-4e93-9c02-7f3155e0c662', 'stmt|9107|2026-05-13|50000.00||#003906', '2026-06-23 19:47:00.09907+00', '2026-06-23 19:47:00.09907+00', NULL, NULL, NULL),
	('086eabbd-2ebc-457c-8fad-9c4991f883c8', 'd26e95a5-4290-4542-bdbd-7238b6fd0b9c', 'expense', 8413.47, 'ARS', NULL, NULL, NULL, '2026-05-14', '2026-05-21', 'SPOTIFY', 'f780ee38-c81c-4f63-8144-e372755d990f', '0095815d-dc30-4c40-8e2d-1191f34e056b', '7ed8379d-e149-4301-8775-95acabfb53ee', 'statement_import', false, 'bf79f2bc-f908-4e93-9c02-7f3155e0c662', 'stmt|9107|2026-05-14|8413.47||#369431', '2026-06-23 19:47:00.09907+00', '2026-06-23 19:47:00.09907+00', NULL, NULL, NULL),
	('e39af129-6b20-400b-869e-15222397aa27', 'd26e95a5-4290-4542-bdbd-7238b6fd0b9c', 'expense', 40000.00, 'ARS', NULL, NULL, NULL, '2026-05-15', '2026-05-21', 'SHELL AV VELEZ SARSFIE', '73a3b3cb-4256-4353-b570-330004cf6f16', '0095815d-dc30-4c40-8e2d-1191f34e056b', '7ed8379d-e149-4301-8775-95acabfb53ee', 'statement_import', false, 'bf79f2bc-f908-4e93-9c02-7f3155e0c662', 'stmt|9107|2026-05-15|40000.00||#724095', '2026-06-23 19:47:00.09907+00', '2026-06-23 19:47:00.09907+00', NULL, NULL, NULL),
	('30e5ab80-db6f-4abc-b89d-0005e92476ed', 'd26e95a5-4290-4542-bdbd-7238b6fd0b9c', 'expense', 30000.00, 'ARS', NULL, NULL, NULL, '2026-05-19', '2026-05-21', 'APIES 31275 PLAYA', NULL, '0095815d-dc30-4c40-8e2d-1191f34e056b', '7ed8379d-e149-4301-8775-95acabfb53ee', 'statement_import', false, 'bf79f2bc-f908-4e93-9c02-7f3155e0c662', 'stmt|9107|2026-05-19|30000.00||#647986', '2026-06-23 19:47:00.09907+00', '2026-06-23 19:47:00.09907+00', NULL, NULL, NULL),
	('9f2c9973-59c5-4c02-ac99-18993e4f6ad9', 'd26e95a5-4290-4542-bdbd-7238b6fd0b9c', 'expense', 156129.70, 'ARS', NULL, NULL, NULL, '2026-05-20', '2026-05-21', 'CARREFOUR CBA COLON', '85a32e0e-aee2-46bf-b84a-80c1f0881153', '0095815d-dc30-4c40-8e2d-1191f34e056b', '7ed8379d-e149-4301-8775-95acabfb53ee', 'statement_import', false, 'bf79f2bc-f908-4e93-9c02-7f3155e0c662', 'stmt|9107|2026-05-20|156129.70||#005412', '2026-06-23 19:47:00.09907+00', '2026-06-23 19:47:00.09907+00', NULL, NULL, NULL),
	('590d5734-60f2-4ad6-865f-4a756496d240', 'd26e95a5-4290-4542-bdbd-7238b6fd0b9c', 'expense', 4800.00, 'ARS', NULL, NULL, NULL, '2026-05-20', '2026-05-21', 'LA GRANJA DE JUANI', NULL, '0095815d-dc30-4c40-8e2d-1191f34e056b', '7ed8379d-e149-4301-8775-95acabfb53ee', 'statement_import', false, 'bf79f2bc-f908-4e93-9c02-7f3155e0c662', 'stmt|9107|2026-05-20|4800.00||#635328', '2026-06-23 19:47:00.09907+00', '2026-06-23 19:47:00.09907+00', NULL, NULL, NULL),
	('a1f419ea-0001-40b1-8e36-1f6fc6f5eb3b', 'd26e95a5-4290-4542-bdbd-7238b6fd0b9c', 'expense', 19999.94, 'ARS', NULL, NULL, NULL, '2024-12-08', '2026-05-21', 'EMSRL', NULL, '091046fb-3e45-44dc-a70e-a45cbd9a0404', '7ed8379d-e149-4301-8775-95acabfb53ee', 'statement_import', false, 'bf79f2bc-f908-4e93-9c02-7f3155e0c662', 'stmt|2507|2024-12-08|19999.94|18/18|#000387', '2026-06-23 19:47:00.09907+00', '2026-06-23 19:47:00.09907+00', 18, 18, NULL),
	('4066f3c4-3076-456d-80b7-bd5385572d3e', 'd26e95a5-4290-4542-bdbd-7238b6fd0b9c', 'expense', 49060.26, 'ARS', NULL, NULL, NULL, '2026-03-20', '2026-05-21', 'MERPAGO*RINALDIMICAELA', NULL, '091046fb-3e45-44dc-a70e-a45cbd9a0404', '7ed8379d-e149-4301-8775-95acabfb53ee', 'statement_import', false, 'bf79f2bc-f908-4e93-9c02-7f3155e0c662', 'stmt|2507|2026-03-20|49060.26|2/2|#363839', '2026-06-23 19:47:00.09907+00', '2026-06-23 19:47:00.09907+00', 2, 2, NULL),
	('cc8585be-16d9-432e-b285-baaa7334a112', 'd26e95a5-4290-4542-bdbd-7238b6fd0b9c', 'expense', 13088.97, 'ARS', NULL, NULL, NULL, '2026-04-10', '2026-05-21', 'MERPAGO*AGATAPUIG', NULL, '091046fb-3e45-44dc-a70e-a45cbd9a0404', '7ed8379d-e149-4301-8775-95acabfb53ee', 'statement_import', false, 'bf79f2bc-f908-4e93-9c02-7f3155e0c662', 'stmt|2507|2026-04-10|13088.97|2/6|#062032', '2026-06-23 19:47:00.09907+00', '2026-06-23 19:47:00.09907+00', 2, 6, NULL),
	('e2618835-1278-415d-bf54-082b9743d0bd', 'd26e95a5-4290-4542-bdbd-7238b6fd0b9c', 'expense', 5399.00, 'ARS', NULL, NULL, NULL, '2026-04-24', '2026-05-21', 'PAYU*AR*UBER', '73a3b3cb-4256-4353-b570-330004cf6f16', '091046fb-3e45-44dc-a70e-a45cbd9a0404', '7ed8379d-e149-4301-8775-95acabfb53ee', 'statement_import', false, 'bf79f2bc-f908-4e93-9c02-7f3155e0c662', 'stmt|2507|2026-04-24|5399.00||#009259', '2026-06-23 19:47:00.09907+00', '2026-06-23 19:47:00.09907+00', NULL, NULL, NULL),
	('443c6eaf-7f42-4490-a193-4a0985fc7a58', 'd26e95a5-4290-4542-bdbd-7238b6fd0b9c', 'expense', 8716.00, 'ARS', NULL, NULL, NULL, '2026-04-25', '2026-05-21', 'PAYU*AR*UBER', '73a3b3cb-4256-4353-b570-330004cf6f16', '091046fb-3e45-44dc-a70e-a45cbd9a0404', '7ed8379d-e149-4301-8775-95acabfb53ee', 'statement_import', false, 'bf79f2bc-f908-4e93-9c02-7f3155e0c662', 'stmt|2507|2026-04-25|8716.00||#009482', '2026-06-23 19:47:00.09907+00', '2026-06-23 19:47:00.09907+00', NULL, NULL, NULL),
	('8268168d-f319-44c1-b576-35cd167e571c', 'd26e95a5-4290-4542-bdbd-7238b6fd0b9c', 'expense', 229485.40, 'ARS', NULL, NULL, NULL, '2026-04-27', '2026-05-21', 'SANCOR COOP SE0000030833660-020-000', NULL, '091046fb-3e45-44dc-a70e-a45cbd9a0404', '7ed8379d-e149-4301-8775-95acabfb53ee', 'statement_import', false, 'bf79f2bc-f908-4e93-9c02-7f3155e0c662', 'stmt|2507|2026-04-27|229485.40||#008897', '2026-06-23 19:47:00.09907+00', '2026-06-23 19:47:00.09907+00', NULL, NULL, NULL),
	('3d663cd6-e720-4cf9-a427-bb3ea3690c5d', 'd26e95a5-4290-4542-bdbd-7238b6fd0b9c', 'expense', 6183.00, 'ARS', NULL, NULL, NULL, '2026-04-29', '2026-05-21', 'PAYU*AR*UBER', '73a3b3cb-4256-4353-b570-330004cf6f16', '091046fb-3e45-44dc-a70e-a45cbd9a0404', '7ed8379d-e149-4301-8775-95acabfb53ee', 'statement_import', false, 'bf79f2bc-f908-4e93-9c02-7f3155e0c662', 'stmt|2507|2026-04-29|6183.00||#003371', '2026-06-23 19:47:00.09907+00', '2026-06-23 19:47:00.09907+00', NULL, NULL, NULL),
	('ea9942eb-458a-45ef-9c2a-a24b599314d7', 'd26e95a5-4290-4542-bdbd-7238b6fd0b9c', 'expense', 3594.00, 'ARS', NULL, NULL, NULL, '2026-04-30', '2026-05-21', 'DLO*PEDIDOSYA PLUS', '1f0a43ae-3296-461b-9924-fbddf4927bcd', '091046fb-3e45-44dc-a70e-a45cbd9a0404', '7ed8379d-e149-4301-8775-95acabfb53ee', 'statement_import', false, 'bf79f2bc-f908-4e93-9c02-7f3155e0c662', 'stmt|2507|2026-04-30|3594.00||#008689', '2026-06-23 19:47:00.09907+00', '2026-06-23 19:47:00.09907+00', NULL, NULL, NULL),
	('66412f75-4135-4c0c-8b61-0625fb75faf5', 'd26e95a5-4290-4542-bdbd-7238b6fd0b9c', 'expense', 5772.00, 'ARS', NULL, NULL, NULL, '2026-05-01', '2026-05-21', 'PAYU*AR*UBER', '73a3b3cb-4256-4353-b570-330004cf6f16', '091046fb-3e45-44dc-a70e-a45cbd9a0404', '7ed8379d-e149-4301-8775-95acabfb53ee', 'statement_import', false, 'bf79f2bc-f908-4e93-9c02-7f3155e0c662', 'stmt|2507|2026-05-01|5772.00||#001696', '2026-06-23 19:47:00.09907+00', '2026-06-23 19:47:00.09907+00', NULL, NULL, NULL),
	('ab379d28-8de6-407d-9c6f-fe60d3941ff1', 'd26e95a5-4290-4542-bdbd-7238b6fd0b9c', 'expense', 5644.00, 'ARS', NULL, NULL, NULL, '2026-05-01', '2026-05-21', 'PAYU*AR*UBER', '73a3b3cb-4256-4353-b570-330004cf6f16', '091046fb-3e45-44dc-a70e-a45cbd9a0404', '7ed8379d-e149-4301-8775-95acabfb53ee', 'statement_import', false, 'bf79f2bc-f908-4e93-9c02-7f3155e0c662', 'stmt|2507|2026-05-01|5644.00||#008697', '2026-06-23 19:47:00.09907+00', '2026-06-23 19:47:00.09907+00', NULL, NULL, NULL),
	('2dcb49b4-8e97-4a46-81be-0a480232856c', 'd26e95a5-4290-4542-bdbd-7238b6fd0b9c', 'expense', 29073.00, 'ARS', NULL, NULL, NULL, '2026-05-02', '2026-05-21', 'DLO*LIMPIEZA CORDOBA', NULL, '091046fb-3e45-44dc-a70e-a45cbd9a0404', '7ed8379d-e149-4301-8775-95acabfb53ee', 'statement_import', false, 'bf79f2bc-f908-4e93-9c02-7f3155e0c662', 'stmt|2507|2026-05-02|29073.00||#007780', '2026-06-23 19:47:00.09907+00', '2026-06-23 19:47:00.09907+00', NULL, NULL, NULL),
	('16dc62b8-5b54-4c2e-813a-d1eac9dc2ab0', 'd26e95a5-4290-4542-bdbd-7238b6fd0b9c', 'expense', 2497.00, 'ARS', NULL, NULL, NULL, '2026-05-02', '2026-05-21', 'PAYU*AR*UBER', '73a3b3cb-4256-4353-b570-330004cf6f16', '091046fb-3e45-44dc-a70e-a45cbd9a0404', '7ed8379d-e149-4301-8775-95acabfb53ee', 'statement_import', false, 'bf79f2bc-f908-4e93-9c02-7f3155e0c662', 'stmt|2507|2026-05-02|2497.00||#004449', '2026-06-23 19:47:00.09907+00', '2026-06-23 19:47:00.09907+00', NULL, NULL, NULL),
	('98f06770-f702-4207-ac39-cd73faeb6d6c', 'd26e95a5-4290-4542-bdbd-7238b6fd0b9c', 'expense', 5209.00, 'ARS', NULL, NULL, NULL, '2026-05-06', '2026-05-21', 'PAYU*AR*UBER', '73a3b3cb-4256-4353-b570-330004cf6f16', '091046fb-3e45-44dc-a70e-a45cbd9a0404', '7ed8379d-e149-4301-8775-95acabfb53ee', 'statement_import', false, 'bf79f2bc-f908-4e93-9c02-7f3155e0c662', 'stmt|2507|2026-05-06|5209.00||#006044', '2026-06-23 19:47:00.09907+00', '2026-06-23 19:47:00.09907+00', NULL, NULL, NULL),
	('97a441c2-8989-4dd2-a54d-d706304fca61', 'd26e95a5-4290-4542-bdbd-7238b6fd0b9c', 'expense', 6736.00, 'ARS', NULL, NULL, NULL, '2026-05-07', '2026-05-21', 'PAYU*AR*UBER', '73a3b3cb-4256-4353-b570-330004cf6f16', '091046fb-3e45-44dc-a70e-a45cbd9a0404', '7ed8379d-e149-4301-8775-95acabfb53ee', 'statement_import', false, 'bf79f2bc-f908-4e93-9c02-7f3155e0c662', 'stmt|2507|2026-05-07|6736.00||#008041', '2026-06-23 19:47:00.09907+00', '2026-06-23 19:47:00.09907+00', NULL, NULL, NULL),
	('33aef4e5-7463-499e-9dda-a8e343186853', 'd26e95a5-4290-4542-bdbd-7238b6fd0b9c', 'expense', 42386.74, 'ARS', NULL, NULL, NULL, '2026-05-08', '2026-05-21', 'AFIP VEP 1623708067 27231', NULL, '091046fb-3e45-44dc-a70e-a45cbd9a0404', '7ed8379d-e149-4301-8775-95acabfb53ee', 'statement_import', false, 'bf79f2bc-f908-4e93-9c02-7f3155e0c662', 'stmt|2507|2026-05-08|42386.74||#007021', '2026-06-23 19:47:00.09907+00', '2026-06-23 19:47:00.09907+00', NULL, NULL, NULL),
	('eba16cfd-4cbe-4d03-a077-84e056ab9d94', 'd26e95a5-4290-4542-bdbd-7238b6fd0b9c', 'expense', 15467.00, 'ARS', NULL, NULL, NULL, '2026-05-09', '2026-05-21', 'PAYU*AR*UBER', '73a3b3cb-4256-4353-b570-330004cf6f16', '091046fb-3e45-44dc-a70e-a45cbd9a0404', '7ed8379d-e149-4301-8775-95acabfb53ee', 'statement_import', false, 'bf79f2bc-f908-4e93-9c02-7f3155e0c662', 'stmt|2507|2026-05-09|15467.00||#006284', '2026-06-23 19:47:00.09907+00', '2026-06-23 19:47:00.09907+00', NULL, NULL, NULL),
	('aac79ee1-79f5-4dfa-bae3-547bf96923a3', 'd26e95a5-4290-4542-bdbd-7238b6fd0b9c', 'expense', 8044.00, 'ARS', NULL, NULL, NULL, '2026-05-13', '2026-05-21', 'PAYU*AR*UBER', '73a3b3cb-4256-4353-b570-330004cf6f16', '091046fb-3e45-44dc-a70e-a45cbd9a0404', '7ed8379d-e149-4301-8775-95acabfb53ee', 'statement_import', false, 'bf79f2bc-f908-4e93-9c02-7f3155e0c662', 'stmt|2507|2026-05-13|8044.00||#006634', '2026-06-23 19:47:00.09907+00', '2026-06-23 19:47:00.09907+00', NULL, NULL, NULL),
	('eb60b72c-362a-4d01-a417-7d85cc7fde9d', 'd26e95a5-4290-4542-bdbd-7238b6fd0b9c', 'expense', 6452.00, 'ARS', NULL, NULL, NULL, '2026-05-13', '2026-05-21', 'PAYU*AR*UBER', '73a3b3cb-4256-4353-b570-330004cf6f16', '091046fb-3e45-44dc-a70e-a45cbd9a0404', '7ed8379d-e149-4301-8775-95acabfb53ee', 'statement_import', false, 'bf79f2bc-f908-4e93-9c02-7f3155e0c662', 'stmt|2507|2026-05-13|6452.00||#007559', '2026-06-23 19:47:00.09907+00', '2026-06-23 19:47:00.09907+00', NULL, NULL, NULL),
	('1d516463-6fef-4a1c-ae2d-424a07ce83bc', 'd26e95a5-4290-4542-bdbd-7238b6fd0b9c', 'expense', 5746.00, 'ARS', NULL, NULL, NULL, '2026-05-15', '2026-05-21', 'PAYU*AR*UBER', '73a3b3cb-4256-4353-b570-330004cf6f16', '091046fb-3e45-44dc-a70e-a45cbd9a0404', '7ed8379d-e149-4301-8775-95acabfb53ee', 'statement_import', false, 'bf79f2bc-f908-4e93-9c02-7f3155e0c662', 'stmt|2507|2026-05-15|5746.00||#005249', '2026-06-23 19:47:00.09907+00', '2026-06-23 19:47:00.09907+00', NULL, NULL, NULL),
	('ce61145c-1f97-4f1a-bb37-1520ae099ed4', 'd26e95a5-4290-4542-bdbd-7238b6fd0b9c', 'expense', 10457.00, 'ARS', NULL, NULL, NULL, '2026-05-15', '2026-05-21', 'PAYU*AR*UBER', '73a3b3cb-4256-4353-b570-330004cf6f16', '091046fb-3e45-44dc-a70e-a45cbd9a0404', '7ed8379d-e149-4301-8775-95acabfb53ee', 'statement_import', false, 'bf79f2bc-f908-4e93-9c02-7f3155e0c662', 'stmt|2507|2026-05-15|10457.00||#006063', '2026-06-23 19:47:00.09907+00', '2026-06-23 19:47:00.09907+00', NULL, NULL, NULL),
	('b4d492a9-c22d-4487-a13f-7c528cf57abb', 'd26e95a5-4290-4542-bdbd-7238b6fd0b9c', 'expense', 2834.00, 'ARS', NULL, NULL, NULL, '2026-05-15', '2026-05-21', 'PAYU*AR*UBER', '73a3b3cb-4256-4353-b570-330004cf6f16', '091046fb-3e45-44dc-a70e-a45cbd9a0404', '7ed8379d-e149-4301-8775-95acabfb53ee', 'statement_import', false, 'bf79f2bc-f908-4e93-9c02-7f3155e0c662', 'stmt|2507|2026-05-15|2834.00||#007939', '2026-06-23 19:47:00.09907+00', '2026-06-23 19:47:00.09907+00', NULL, NULL, NULL),
	('d1eaf238-f068-4a9a-bd7f-fd1b0af5a0f8', 'd26e95a5-4290-4542-bdbd-7238b6fd0b9c', 'expense', 5523.00, 'ARS', NULL, NULL, NULL, '2026-05-16', '2026-05-21', 'PAYU*AR*UBER', '73a3b3cb-4256-4353-b570-330004cf6f16', '091046fb-3e45-44dc-a70e-a45cbd9a0404', '7ed8379d-e149-4301-8775-95acabfb53ee', 'statement_import', false, 'bf79f2bc-f908-4e93-9c02-7f3155e0c662', 'stmt|2507|2026-05-16|5523.00||#008505', '2026-06-23 19:47:00.09907+00', '2026-06-23 19:47:00.09907+00', NULL, NULL, NULL),
	('879b1ea0-0e78-42b5-b009-e0d85375f541', 'd26e95a5-4290-4542-bdbd-7238b6fd0b9c', 'expense', 3471.00, 'ARS', NULL, NULL, NULL, '2026-05-16', '2026-05-21', 'PAYU*AR*UBER', '73a3b3cb-4256-4353-b570-330004cf6f16', '091046fb-3e45-44dc-a70e-a45cbd9a0404', '7ed8379d-e149-4301-8775-95acabfb53ee', 'statement_import', false, 'bf79f2bc-f908-4e93-9c02-7f3155e0c662', 'stmt|2507|2026-05-16|3471.00||#005940', '2026-06-23 19:47:00.09907+00', '2026-06-23 19:47:00.09907+00', NULL, NULL, NULL),
	('1f780fd6-338c-478a-a687-377d6f6c0249', 'd26e95a5-4290-4542-bdbd-7238b6fd0b9c', 'expense', 7413.00, 'ARS', NULL, NULL, NULL, '2026-05-16', '2026-05-21', 'PAYU*AR*UBER', '73a3b3cb-4256-4353-b570-330004cf6f16', '091046fb-3e45-44dc-a70e-a45cbd9a0404', '7ed8379d-e149-4301-8775-95acabfb53ee', 'statement_import', false, 'bf79f2bc-f908-4e93-9c02-7f3155e0c662', 'stmt|2507|2026-05-16|7413.00||#004434', '2026-06-23 19:47:00.09907+00', '2026-06-23 19:47:00.09907+00', NULL, NULL, NULL),
	('e5d507bb-354b-4ff4-a03f-bdef161768c4', 'd26e95a5-4290-4542-bdbd-7238b6fd0b9c', 'expense', 19999.00, 'ARS', NULL, NULL, NULL, '2026-05-17', '2026-05-21', '408498Q NETFLIX.COM ShKh7Rqy3Ng2eD71Cw', 'f780ee38-c81c-4f63-8144-e372755d990f', '091046fb-3e45-44dc-a70e-a45cbd9a0404', '7ed8379d-e149-4301-8775-95acabfb53ee', 'statement_import', false, 'bf79f2bc-f908-4e93-9c02-7f3155e0c662', 'stmt|2507|2026-05-17|19999.00||408498Q NETFLIX.COM SHKH7RQY3NG2ED71CW', '2026-06-23 19:47:00.09907+00', '2026-06-23 19:47:00.09907+00', NULL, NULL, NULL),
	('a1d9947c-85a1-41bd-bc88-63532a359a1c', 'd26e95a5-4290-4542-bdbd-7238b6fd0b9c', 'expense', 6484.00, 'ARS', NULL, NULL, NULL, '2026-05-19', '2026-05-21', 'PAYU*AR*UBER', '73a3b3cb-4256-4353-b570-330004cf6f16', '091046fb-3e45-44dc-a70e-a45cbd9a0404', '7ed8379d-e149-4301-8775-95acabfb53ee', 'statement_import', false, 'bf79f2bc-f908-4e93-9c02-7f3155e0c662', 'stmt|2507|2026-05-19|6484.00||#008498', '2026-06-23 19:47:00.09907+00', '2026-06-23 19:47:00.09907+00', NULL, NULL, NULL),
	('349f3f7e-7e5c-4109-afa7-bfbfd16fc9ff', 'd26e95a5-4290-4542-bdbd-7238b6fd0b9c', 'expense', 6515.00, 'ARS', NULL, NULL, NULL, '2026-05-20', '2026-05-21', 'PAYU*AR*UBER', '73a3b3cb-4256-4353-b570-330004cf6f16', '091046fb-3e45-44dc-a70e-a45cbd9a0404', '7ed8379d-e149-4301-8775-95acabfb53ee', 'statement_import', false, 'bf79f2bc-f908-4e93-9c02-7f3155e0c662', 'stmt|2507|2026-05-20|6515.00||#006511', '2026-06-23 19:47:00.09907+00', '2026-06-23 19:47:00.09907+00', NULL, NULL, NULL),
	('455c8631-d9fb-4d8f-8144-9795e4097ac7', 'd26e95a5-4290-4542-bdbd-7238b6fd0b9c', 'expense', 3499.93, 'ARS', NULL, NULL, NULL, '2025-12-19', '2026-05-21', 'AEROLINEAS ARGENTINA', '73a3b3cb-4256-4353-b570-330004cf6f16', 'e19f0a41-8128-4b50-a221-06eab0f30fd9', '7ed8379d-e149-4301-8775-95acabfb53ee', 'statement_import', false, 'bf79f2bc-f908-4e93-9c02-7f3155e0c662', 'stmt|2421|2025-12-19|3499.93|6/6|#009607', '2026-06-23 19:47:00.09907+00', '2026-06-23 19:47:00.09907+00', 6, 6, NULL),
	('ce596ae1-a02d-42dd-8fae-dfe2452ac3c4', 'd26e95a5-4290-4542-bdbd-7238b6fd0b9c', 'expense', 8333.33, 'ARS', NULL, NULL, NULL, '2025-12-23', '2026-05-21', 'YENNY NUEVO CENTRO S', NULL, 'e19f0a41-8128-4b50-a221-06eab0f30fd9', '7ed8379d-e149-4301-8775-95acabfb53ee', 'statement_import', false, 'bf79f2bc-f908-4e93-9c02-7f3155e0c662', 'stmt|2421|2025-12-23|8333.33|5/6|#127934', '2026-06-23 19:47:00.09907+00', '2026-06-23 19:47:00.09907+00', 5, 6, NULL),
	('dc0c61ce-3691-4402-b5ac-611481d74869', 'd26e95a5-4290-4542-bdbd-7238b6fd0b9c', 'expense', 50000.00, 'ARS', NULL, NULL, NULL, '2026-04-24', '2026-05-21', 'YPF AM EMPRENDIMIENTOS', '73a3b3cb-4256-4353-b570-330004cf6f16', 'e19f0a41-8128-4b50-a221-06eab0f30fd9', '7ed8379d-e149-4301-8775-95acabfb53ee', 'statement_import', false, 'bf79f2bc-f908-4e93-9c02-7f3155e0c662', 'stmt|2421|2026-04-24|50000.00||#367653', '2026-06-23 19:47:00.09907+00', '2026-06-23 19:47:00.09907+00', NULL, NULL, NULL),
	('f35a88ac-0b81-40fb-a09e-672364f7b373', 'd26e95a5-4290-4542-bdbd-7238b6fd0b9c', 'expense', 54353.30, 'ARS', NULL, NULL, NULL, '2026-04-29', '2026-05-21', 'CARREFOUR CBA COLON', '85a32e0e-aee2-46bf-b84a-80c1f0881153', 'e19f0a41-8128-4b50-a221-06eab0f30fd9', '7ed8379d-e149-4301-8775-95acabfb53ee', 'statement_import', false, 'bf79f2bc-f908-4e93-9c02-7f3155e0c662', 'stmt|2421|2026-04-29|54353.30||#002397', '2026-06-23 19:47:00.09907+00', '2026-06-23 19:47:00.09907+00', NULL, NULL, NULL),
	('197bca1c-2831-4863-af77-87d3b3b3f724', 'd26e95a5-4290-4542-bdbd-7238b6fd0b9c', 'expense', 1613.00, 'ARS', NULL, NULL, NULL, '2026-05-20', '2026-05-21', 'NACION SEGUROS0120002489923-012-000', NULL, 'e19f0a41-8128-4b50-a221-06eab0f30fd9', '7ed8379d-e149-4301-8775-95acabfb53ee', 'statement_import', false, 'bf79f2bc-f908-4e93-9c02-7f3155e0c662', 'stmt|2421|2026-05-20|1613.00||#990022', '2026-06-23 19:47:00.09907+00', '2026-06-23 19:47:00.09907+00', NULL, NULL, NULL),
	('a7ee38dd-a5de-42d9-9497-9b234da0aff7', 'd26e95a5-4290-4542-bdbd-7238b6fd0b9c', 'expense', 35789.12, 'ARS', NULL, NULL, NULL, '2026-05-21', '2026-05-21', 'IMPUESTO DE SELLOS', NULL, NULL, '7ed8379d-e149-4301-8775-95acabfb53ee', 'statement_import', false, 'bf79f2bc-f908-4e93-9c02-7f3155e0c662', 'stmt|----|2026-05-21|35789.12||IMPUESTO DE SELLOS', '2026-06-23 19:47:00.09907+00', '2026-06-23 19:47:00.09907+00', NULL, NULL, NULL),
	('39781814-9dbd-421e-9f57-01f17075f40e', 'd26e95a5-4290-4542-bdbd-7238b6fd0b9c', 'expense', 41.91, 'ARS', NULL, NULL, NULL, '2026-05-21', '2026-05-21', 'IMPUESTO DE SELLOS P', NULL, NULL, '7ed8379d-e149-4301-8775-95acabfb53ee', 'statement_import', false, 'bf79f2bc-f908-4e93-9c02-7f3155e0c662', 'stmt|----|2026-05-21|41.91||IMPUESTO DE SELLOS P', '2026-06-23 19:47:00.09907+00', '2026-06-23 19:47:00.09907+00', NULL, NULL, NULL),
	('18872c37-90e9-42a1-b85b-2030c2a6de9f', 'd26e95a5-4290-4542-bdbd-7238b6fd0b9c', 'expense', 3.00, 'ARS', NULL, NULL, NULL, '2026-05-21', '2026-05-21', 'IIBB PERCEP-CORD', NULL, NULL, '7ed8379d-e149-4301-8775-95acabfb53ee', 'statement_import', false, 'bf79f2bc-f908-4e93-9c02-7f3155e0c662', 'stmt|----|2026-05-21|3.00||IIBB PERCEP-CORD', '2026-06-23 19:47:00.09907+00', '2026-06-23 19:47:00.09907+00', NULL, NULL, NULL),
	('e3ae9277-e5c2-4d39-98f4-f1693ae005f2', 'd26e95a5-4290-4542-bdbd-7238b6fd0b9c', 'expense', 780.03, 'ARS', NULL, NULL, NULL, '2026-05-21', '2026-05-21', 'IVA RG 4240 21%( 2', NULL, NULL, '7ed8379d-e149-4301-8775-95acabfb53ee', 'statement_import', false, 'bf79f2bc-f908-4e93-9c02-7f3155e0c662', 'stmt|----|2026-05-21|780.03||IVA RG 4240 21%( 2', '2026-06-23 19:47:00.09907+00', '2026-06-23 19:47:00.09907+00', NULL, NULL, NULL),
	('399dd0df-76c9-4261-81e1-4364b829587c', 'd26e95a5-4290-4542-bdbd-7238b6fd0b9c', 'expense', 999.00, 'ARS', NULL, NULL, NULL, '2026-05-21', '2026-05-21', 'IVA RG 4240 21%( 19', NULL, NULL, '7ed8379d-e149-4301-8775-95acabfb53ee', 'statement_import', false, 'bf79f2bc-f908-4e93-9c02-7f3155e0c662', 'stmt|----|2026-05-21|999.00||IVA RG 4240 21%( 19', '2026-06-23 19:47:00.09907+00', '2026-06-23 19:47:00.09907+00', NULL, NULL, NULL),
	('fa1a7e1f-66b0-4dd6-8a34-c28f9d2013a6', 'd26e95a5-4290-4542-bdbd-7238b6fd0b9c', 'expense', 779.03, 'ARS', NULL, NULL, NULL, '2026-05-21', '2026-05-21', 'DB.RG 5617 30% ( 22', NULL, NULL, '7ed8379d-e149-4301-8775-95acabfb53ee', 'statement_import', false, 'bf79f2bc-f908-4e93-9c02-7f3155e0c662', 'stmt|----|2026-05-21|779.03||DB.RG 5617 30% ( 22', '2026-06-23 19:47:00.09907+00', '2026-06-23 19:47:00.09907+00', NULL, NULL, NULL),
	('32b578e0-f891-4ba6-9f77-d650636eec80', 'd26e95a5-4290-4542-bdbd-7238b6fd0b9c', 'expense', 1521652.32, 'ARS', NULL, NULL, NULL, '2026-06-05', NULL, 'RECALDE MARIA VICTORIA', NULL, '6c29722e-6ddb-444d-9784-b25eac630549', '7ed8379d-e149-4301-8775-95acabfb53ee', 'ocr', false, '8e85a9a2-2e89-4a24-bb19-09b58697c152', NULL, '2026-06-27 02:05:37.345705+00', '2026-06-27 02:05:37.345705+00', NULL, NULL, NULL),
	('3f60f6b2-b036-45b4-ae0d-7e44831200a8', 'd26e95a5-4290-4542-bdbd-7238b6fd0b9c', 'income', 10000.00, 'ARS', NULL, NULL, NULL, '2026-05-27', NULL, 'si', NULL, '6d01335f-5b57-45c3-90e9-5d12d1fb4800', '7ed8379d-e149-4301-8775-95acabfb53ee', 'manual', false, NULL, NULL, '2026-06-27 14:31:06.932123+00', '2026-06-27 14:31:06.932123+00', NULL, NULL, NULL),
	('e8ab1a4b-5b98-44ee-ba6c-89f669b4a7e1', 'd26e95a5-4290-4542-bdbd-7238b6fd0b9c', 'income', 10000.00, 'ARS', NULL, NULL, NULL, '2026-05-27', NULL, NULL, NULL, NULL, '7ed8379d-e149-4301-8775-95acabfb53ee', 'manual', false, NULL, NULL, '2026-06-27 14:32:08.650326+00', '2026-06-27 14:32:08.650326+00', NULL, NULL, NULL),
	('53ac8e89-5e9f-4f46-8d6b-f0f378f1460a', 'd26e95a5-4290-4542-bdbd-7238b6fd0b9c', 'income', 15000.00, 'ARS', NULL, NULL, NULL, '2026-05-27', NULL, NULL, NULL, '6d01335f-5b57-45c3-90e9-5d12d1fb4800', '7ed8379d-e149-4301-8775-95acabfb53ee', 'manual', false, NULL, NULL, '2026-06-27 14:33:17.921274+00', '2026-06-27 14:33:17.921274+00', NULL, NULL, NULL),
	('a7e9c883-e50f-4d08-bf88-9d15693a2486', 'ccda33c3-edb9-4b60-952a-f9cce53ed293', 'expense', 102000.00, 'ARS', NULL, NULL, NULL, '2026-06-07', NULL, 'Carniceria/Polleria/Verduleria', '85a32e0e-aee2-46bf-b84a-80c1f0881153', NULL, '7ed8379d-e149-4301-8775-95acabfb53ee', 'manual', false, NULL, NULL, '2026-07-06 17:49:49.775202+00', '2026-07-06 17:49:49.775202+00', NULL, NULL, NULL),
	('0a100d5c-5177-4066-9f8a-a3e28161c886', 'ccda33c3-edb9-4b60-952a-f9cce53ed293', 'expense', 22000.00, 'ARS', NULL, NULL, NULL, '2026-06-07', NULL, 'entretiempo', '604dddf4-292f-4176-9cb3-6d0baf1d1ff3', NULL, '7ed8379d-e149-4301-8775-95acabfb53ee', 'manual', false, NULL, NULL, '2026-07-06 17:50:24.018687+00', '2026-07-06 17:50:24.018687+00', NULL, NULL, NULL),
	('e812d532-31c3-4221-848d-073060c88580', 'ccda33c3-edb9-4b60-952a-f9cce53ed293', 'expense', 96000.00, 'ARS', NULL, NULL, NULL, '2026-06-07', NULL, 'rugby', 'b6b3ea41-48b1-4d04-9464-3847dc6aabdf', NULL, '7ed8379d-e149-4301-8775-95acabfb53ee', 'manual', false, NULL, NULL, '2026-07-06 17:51:09.46754+00', '2026-07-06 17:51:09.46754+00', NULL, NULL, NULL),
	('662f9b32-b8af-459c-bcae-210f3778d7e2', 'ccda33c3-edb9-4b60-952a-f9cce53ed293', 'expense', 70000.00, 'ARS', NULL, NULL, NULL, '2026-06-07', NULL, 'Lavanderia', 'b6b3ea41-48b1-4d04-9464-3847dc6aabdf', NULL, '7ed8379d-e149-4301-8775-95acabfb53ee', 'manual', false, NULL, NULL, '2026-07-06 17:51:32.317223+00', '2026-07-06 17:51:32.317223+00', NULL, NULL, NULL),
	('b562a9a7-8810-4cd4-abca-ebf40e603e73', 'ccda33c3-edb9-4b60-952a-f9cce53ed293', 'expense', 52000.00, 'ARS', NULL, NULL, NULL, '2026-06-07', NULL, 'Productos de Limpieza', '85a32e0e-aee2-46bf-b84a-80c1f0881153', NULL, '7ed8379d-e149-4301-8775-95acabfb53ee', 'manual', false, NULL, NULL, '2026-07-06 17:52:14.30711+00', '2026-07-06 17:52:14.30711+00', NULL, NULL, NULL),
	('20a0fb34-a54d-4ae8-97f4-f71c2b1857bb', 'ccda33c3-edb9-4b60-952a-f9cce53ed293', 'expense', 71000.00, 'ARS', NULL, NULL, NULL, '2026-06-04', NULL, 'Pipetas Perros', 'b6b3ea41-48b1-4d04-9464-3847dc6aabdf', NULL, '7ed8379d-e149-4301-8775-95acabfb53ee', 'manual', false, NULL, NULL, '2026-07-06 17:53:52.856836+00', '2026-07-06 17:53:52.856836+00', NULL, NULL, NULL),
	('c943fe61-bdfb-4f10-9666-4725d9f48638', 'ccda33c3-edb9-4b60-952a-f9cce53ed293', 'expense', 8000.00, 'ARS', NULL, NULL, NULL, '2026-06-05', NULL, 'Aguas', '85a32e0e-aee2-46bf-b84a-80c1f0881153', NULL, '7ed8379d-e149-4301-8775-95acabfb53ee', 'manual', false, NULL, NULL, '2026-07-06 17:54:44.412796+00', '2026-07-06 17:54:44.412796+00', NULL, NULL, NULL),
	('bcc14e76-28b7-47b6-80e5-8ee689c9c1c4', 'ccda33c3-edb9-4b60-952a-f9cce53ed293', 'expense', 62500.00, 'ARS', NULL, NULL, NULL, '2026-06-30', NULL, 'Control - Roma', 'b6b3ea41-48b1-4d04-9464-3847dc6aabdf', NULL, '7ed8379d-e149-4301-8775-95acabfb53ee', 'manual', false, NULL, NULL, '2026-07-06 17:55:13.162115+00', '2026-07-06 17:55:13.162115+00', NULL, NULL, NULL),
	('b2eb4be0-ca00-44ec-95ad-16e938ef4d24', 'ccda33c3-edb9-4b60-952a-f9cce53ed293', 'expense', 1521652.32, 'ARS', NULL, NULL, NULL, '2026-06-05', NULL, 'RECALDE MARIA VICTORIA', '38f4f446-aed7-4557-86f5-d7f77e2cfb1b', '1ea41f04-0d1f-4bd7-8278-58b0b547de89', '7ed8379d-e149-4301-8775-95acabfb53ee', 'ocr', false, 'a66ee730-2bf2-4828-93de-cd297fdbd25a', NULL, '2026-07-06 17:57:25.567592+00', '2026-07-06 17:57:25.567592+00', NULL, NULL, 'Banco Patagonia'),
	('8b48b456-8193-4561-b320-198ae64661b3', 'ccda33c3-edb9-4b60-952a-f9cce53ed293', 'expense', 44950.00, 'ARS', NULL, NULL, NULL, '2026-07-02', NULL, 'Torta Hermes', 'b6b3ea41-48b1-4d04-9464-3847dc6aabdf', NULL, '7ed8379d-e149-4301-8775-95acabfb53ee', 'ocr', false, 'aeb1783d-ec58-4a25-b6d0-9f7c2700703c', NULL, '2026-07-06 17:58:53.414452+00', '2026-07-06 17:58:53.414452+00', NULL, NULL, 'Mercado Pago'),
	('519bca42-4513-43a2-8064-a14695c6005e', 'ccda33c3-edb9-4b60-952a-f9cce53ed293', 'expense', 199800.40, 'ARS', NULL, NULL, NULL, '2026-06-05', NULL, 'Gisela Vanesa Carolina Picech Dorato', '38f4f446-aed7-4557-86f5-d7f77e2cfb1b', '1ea41f04-0d1f-4bd7-8278-58b0b547de89', '7ed8379d-e149-4301-8775-95acabfb53ee', 'ocr', false, '13ddc35e-97c5-4923-840a-24c4ef1198c0', NULL, '2026-07-06 17:59:46.418537+00', '2026-07-06 17:59:46.418537+00', NULL, NULL, 'Banco Patagonia'),
	('7bf28b56-587e-4552-8558-8d7c42c1b28e', 'ccda33c3-edb9-4b60-952a-f9cce53ed293', 'expense', 48000.00, 'ARS', NULL, NULL, NULL, '2026-07-06', NULL, 'diogenes alejandro xavier puig - Limpieza', 'b6b3ea41-48b1-4d04-9464-3847dc6aabdf', '1ea41f04-0d1f-4bd7-8278-58b0b547de89', '7ed8379d-e149-4301-8775-95acabfb53ee', 'ocr', false, '00350a99-b7a6-4c99-adae-63c6ff0b14cb', NULL, '2026-07-06 18:01:14.719662+00', '2026-07-06 18:01:14.719662+00', NULL, NULL, 'Banco Patagonia'),
	('de83d9f0-7927-4781-b695-00c29a307d5f', 'ccda33c3-edb9-4b60-952a-f9cce53ed293', 'expense', 9759.35, 'ARS', NULL, NULL, NULL, '2026-06-19', '2026-07-02', 'DLO*PEDIDOSYA MARK', '85a32e0e-aee2-46bf-b84a-80c1f0881153', '019e4205-9d0a-49bc-ad96-f9f88f687b7a', '7ed8379d-e149-4301-8775-95acabfb53ee', 'statement_import', false, '2775aa5d-e0d4-484e-8200-4dd5a6ffab6b', 'stmt|0282|2026-06-19|9759.35||#008587', '2026-07-06 18:03:50.61837+00', '2026-07-06 18:03:50.61837+00', NULL, NULL, NULL),
	('d1ee5cfc-df74-4dec-8eb5-f99ec229c683', 'ccda33c3-edb9-4b60-952a-f9cce53ed293', 'expense', 13549.00, 'ARS', NULL, NULL, NULL, '2026-06-19', '2026-07-02', 'DLO*PEDIDOSYA MARK', '85a32e0e-aee2-46bf-b84a-80c1f0881153', '019e4205-9d0a-49bc-ad96-f9f88f687b7a', '7ed8379d-e149-4301-8775-95acabfb53ee', 'statement_import', false, '2775aa5d-e0d4-484e-8200-4dd5a6ffab6b', 'stmt|0282|2026-06-19|13549.00||#005808', '2026-07-06 18:03:50.61837+00', '2026-07-06 18:03:50.61837+00', NULL, NULL, NULL),
	('c9624460-6de8-4028-87b6-e6e74ba6b337', 'ccda33c3-edb9-4b60-952a-f9cce53ed293', 'expense', 592.79, 'ARS', NULL, NULL, NULL, '2026-06-19', '2026-07-02', 'PEDIDOSYA*EXTRA', '1f0a43ae-3296-461b-9924-fbddf4927bcd', '019e4205-9d0a-49bc-ad96-f9f88f687b7a', '7ed8379d-e149-4301-8775-95acabfb53ee', 'statement_import', false, '2775aa5d-e0d4-484e-8200-4dd5a6ffab6b', 'stmt|0282|2026-06-19|592.79||#001325', '2026-07-06 18:03:50.61837+00', '2026-07-06 18:03:50.61837+00', NULL, NULL, NULL),
	('1d029b74-5b81-4864-8b1a-6b7006ff6ed4', 'ccda33c3-edb9-4b60-952a-f9cce53ed293', 'expense', 11857.00, 'ARS', NULL, NULL, NULL, '2026-06-23', '2026-07-02', 'DLO*PEDIDOSYA MARK', '85a32e0e-aee2-46bf-b84a-80c1f0881153', '019e4205-9d0a-49bc-ad96-f9f88f687b7a', '7ed8379d-e149-4301-8775-95acabfb53ee', 'statement_import', false, '2775aa5d-e0d4-484e-8200-4dd5a6ffab6b', 'stmt|0282|2026-06-23|11857.00||#007397', '2026-07-06 18:03:50.61837+00', '2026-07-06 18:03:50.61837+00', NULL, NULL, NULL),
	('0361b434-3e42-44f1-b5e0-de23eef9d680', 'ccda33c3-edb9-4b60-952a-f9cce53ed293', 'expense', 50.00, 'ARS', NULL, NULL, NULL, '2026-06-23', '2026-07-02', 'DLO*PEDIDOSYA PROP', '1f0a43ae-3296-461b-9924-fbddf4927bcd', '019e4205-9d0a-49bc-ad96-f9f88f687b7a', '7ed8379d-e149-4301-8775-95acabfb53ee', 'statement_import', false, '2775aa5d-e0d4-484e-8200-4dd5a6ffab6b', 'stmt|0282|2026-06-23|50.00||#007187', '2026-07-06 18:03:50.61837+00', '2026-07-06 18:03:50.61837+00', NULL, NULL, NULL),
	('4ca05f69-6246-484e-9545-49844939863d', 'ccda33c3-edb9-4b60-952a-f9cce53ed293', 'expense', 40000.00, 'ARS', NULL, NULL, NULL, '2026-06-02', '2026-07-02', 'MODOQRI*BIFUEL MAN', NULL, '93666edc-9c84-44f0-a300-096d34042ea1', '7ed8379d-e149-4301-8775-95acabfb53ee', 'statement_import', false, '2775aa5d-e0d4-484e-8200-4dd5a6ffab6b', 'stmt|9465|2026-06-02|40000.00||#005615', '2026-07-06 18:03:50.61837+00', '2026-07-06 18:03:50.61837+00', NULL, NULL, NULL),
	('af902ec1-2a6b-4d3a-a25c-329436f79f29', 'ccda33c3-edb9-4b60-952a-f9cce53ed293', 'expense', 12500.00, 'ARS', NULL, NULL, NULL, '2026-06-07', '2026-07-02', 'MERPAGO*PANIFICADORAPU', '1f0a43ae-3296-461b-9924-fbddf4927bcd', '93666edc-9c84-44f0-a300-096d34042ea1', '7ed8379d-e149-4301-8775-95acabfb53ee', 'statement_import', false, '2775aa5d-e0d4-484e-8200-4dd5a6ffab6b', 'stmt|9465|2026-06-07|12500.00||#731443', '2026-07-06 18:03:50.61837+00', '2026-07-06 18:03:50.61837+00', NULL, NULL, NULL),
	('60811d92-e969-44d5-bded-ecacc7682b20', 'ccda33c3-edb9-4b60-952a-f9cce53ed293', 'expense', 70000.00, 'ARS', NULL, NULL, NULL, '2026-06-10', '2026-07-02', 'CARREFOUR - CORDOBA CO', '85a32e0e-aee2-46bf-b84a-80c1f0881153', '93666edc-9c84-44f0-a300-096d34042ea1', '7ed8379d-e149-4301-8775-95acabfb53ee', 'statement_import', false, '2775aa5d-e0d4-484e-8200-4dd5a6ffab6b', 'stmt|9465|2026-06-10|70000.00||#140194', '2026-07-06 18:03:50.61837+00', '2026-07-06 18:03:50.61837+00', NULL, NULL, NULL),
	('b158d8bf-cc35-412c-b24a-aa0285280293', 'ccda33c3-edb9-4b60-952a-f9cce53ed293', 'expense', -20000.00, 'ARS', NULL, NULL, NULL, '2026-06-10', '2026-07-02', 'CARREFOUR - CORDOBA CO', '85a32e0e-aee2-46bf-b84a-80c1f0881153', '93666edc-9c84-44f0-a300-096d34042ea1', '7ed8379d-e149-4301-8775-95acabfb53ee', 'statement_import', false, '2775aa5d-e0d4-484e-8200-4dd5a6ffab6b', 'stmt|9465|2026-06-10|20000.00||#140195', '2026-07-06 18:03:50.61837+00', '2026-07-06 18:03:50.61837+00', NULL, NULL, NULL),
	('85cc9f07-a8b1-427c-9a53-89a60d384fec', 'ccda33c3-edb9-4b60-952a-f9cce53ed293', 'expense', 7325.00, 'ARS', NULL, NULL, NULL, '2026-06-18', '2026-07-02', 'MERPAGO*GRUPOURRGUT', NULL, '93666edc-9c84-44f0-a300-096d34042ea1', '7ed8379d-e149-4301-8775-95acabfb53ee', 'statement_import', false, '2775aa5d-e0d4-484e-8200-4dd5a6ffab6b', 'stmt|9465|2026-06-18|7325.00||#298417', '2026-07-06 18:03:50.61837+00', '2026-07-06 18:03:50.61837+00', NULL, NULL, NULL),
	('162fb8a2-1bcb-41dc-8131-57acaebb9c55', 'ccda33c3-edb9-4b60-952a-f9cce53ed293', 'expense', 10000.00, 'ARS', NULL, NULL, NULL, '2026-06-19', '2026-07-02', 'MERPAGO*ASOCIACIONTEC', NULL, '93666edc-9c84-44f0-a300-096d34042ea1', '7ed8379d-e149-4301-8775-95acabfb53ee', 'statement_import', false, '2775aa5d-e0d4-484e-8200-4dd5a6ffab6b', 'stmt|9465|2026-06-19|10000.00||#339702', '2026-07-06 18:03:50.61837+00', '2026-07-06 18:03:50.61837+00', NULL, NULL, NULL),
	('0542c016-467b-409a-95a7-35d2c14c6be9', 'ccda33c3-edb9-4b60-952a-f9cce53ed293', 'expense', 16371.81, 'ARS', NULL, NULL, NULL, '2026-06-22', '2026-07-02', 'MERPAGO*FARMARUIZ', NULL, '93666edc-9c84-44f0-a300-096d34042ea1', '7ed8379d-e149-4301-8775-95acabfb53ee', 'statement_import', false, '2775aa5d-e0d4-484e-8200-4dd5a6ffab6b', 'stmt|9465|2026-06-22|16371.81||#007273', '2026-07-06 18:03:50.61837+00', '2026-07-06 18:03:50.61837+00', NULL, NULL, NULL),
	('a03ddb53-7064-4633-9c67-5bb3c81a3e74', 'ccda33c3-edb9-4b60-952a-f9cce53ed293', 'expense', 10500.00, 'ARS', NULL, NULL, NULL, '2026-06-22', '2026-07-02', 'AGMA', 'b6b3ea41-48b1-4d04-9464-3847dc6aabdf', '93666edc-9c84-44f0-a300-096d34042ea1', '7ed8379d-e149-4301-8775-95acabfb53ee', 'statement_import', false, '2775aa5d-e0d4-484e-8200-4dd5a6ffab6b', 'stmt|9465|2026-06-22|10500.00||#001114', '2026-07-06 18:03:50.61837+00', '2026-07-06 18:03:50.61837+00', NULL, NULL, NULL),
	('282961f5-5923-4947-b296-ff04e20889d2', 'ccda33c3-edb9-4b60-952a-f9cce53ed293', 'expense', 14100.00, 'ARS', NULL, NULL, NULL, '2026-06-25', '2026-07-02', 'MERPAGO*SELFWASHSAS', NULL, '93666edc-9c84-44f0-a300-096d34042ea1', '7ed8379d-e149-4301-8775-95acabfb53ee', 'statement_import', false, '2775aa5d-e0d4-484e-8200-4dd5a6ffab6b', 'stmt|9465|2026-06-25|14100.00||#735248', '2026-07-06 18:03:50.61837+00', '2026-07-06 18:03:50.61837+00', NULL, NULL, NULL),
	('63c9fdbe-b829-4d46-b7bc-e4e302a9a117', 'ccda33c3-edb9-4b60-952a-f9cce53ed293', 'expense', 1410.00, 'ARS', NULL, NULL, NULL, '2026-06-25', '2026-07-02', 'PROPINA*SELFWASHSAS', NULL, '93666edc-9c84-44f0-a300-096d34042ea1', '7ed8379d-e149-4301-8775-95acabfb53ee', 'statement_import', false, '2775aa5d-e0d4-484e-8200-4dd5a6ffab6b', 'stmt|9465|2026-06-25|1410.00||#735248', '2026-07-06 18:03:50.61837+00', '2026-07-06 18:03:50.61837+00', NULL, NULL, NULL),
	('8e255ed7-e4de-4e15-a7d7-9c6bfa60a68a', 'ccda33c3-edb9-4b60-952a-f9cce53ed293', 'expense', 4600.57, 'ARS', NULL, NULL, NULL, '2026-05-29', '2026-07-02', 'MERPAGO*MARIAVICTORIA', NULL, 'a3122df8-6160-4cc8-8165-efbfd42605f6', '7ed8379d-e149-4301-8775-95acabfb53ee', 'statement_import', false, '2775aa5d-e0d4-484e-8200-4dd5a6ffab6b', 'stmt|3434|2026-05-29|4600.57||#274755', '2026-07-06 18:03:50.61837+00', '2026-07-06 18:03:50.61837+00', NULL, NULL, NULL),
	('1c5fefae-4e3b-4895-8499-fe68f5eaa8ad', 'ccda33c3-edb9-4b60-952a-f9cce53ed293', 'expense', 14443.65, 'ARS', NULL, NULL, NULL, '2026-05-29', '2026-07-02', 'MERPAGO*VIOLETAVALENT', NULL, 'a3122df8-6160-4cc8-8165-efbfd42605f6', '7ed8379d-e149-4301-8775-95acabfb53ee', 'statement_import', false, '2775aa5d-e0d4-484e-8200-4dd5a6ffab6b', 'stmt|3434|2026-05-29|14443.65||#467257', '2026-07-06 18:03:50.61837+00', '2026-07-06 18:03:50.61837+00', NULL, NULL, NULL),
	('cba1581a-5e93-4053-a371-3277827558be', 'ccda33c3-edb9-4b60-952a-f9cce53ed293', 'expense', 10699.00, 'ARS', NULL, NULL, NULL, '2026-05-29', '2026-07-02', 'MERPAGO*DAIRAALVAREZ', NULL, 'a3122df8-6160-4cc8-8165-efbfd42605f6', '7ed8379d-e149-4301-8775-95acabfb53ee', 'statement_import', false, '2775aa5d-e0d4-484e-8200-4dd5a6ffab6b', 'stmt|3434|2026-05-29|10699.00||#408991', '2026-07-06 18:03:50.61837+00', '2026-07-06 18:03:50.61837+00', NULL, NULL, NULL),
	('c69f6835-5ba1-4560-9a1f-febf5aca6696', 'ccda33c3-edb9-4b60-952a-f9cce53ed293', 'expense', 17999.00, 'ARS', NULL, NULL, NULL, '2026-05-31', '2026-07-02', 'MERPAGO*MCDONALDS', '1f0a43ae-3296-461b-9924-fbddf4927bcd', 'a3122df8-6160-4cc8-8165-efbfd42605f6', '7ed8379d-e149-4301-8775-95acabfb53ee', 'statement_import', false, '2775aa5d-e0d4-484e-8200-4dd5a6ffab6b', 'stmt|3434|2026-05-31|17999.00||#603667', '2026-07-06 18:03:50.61837+00', '2026-07-06 18:03:50.61837+00', NULL, NULL, NULL),
	('c8839dbe-110d-42b5-8a0f-5aac483d790a', 'ccda33c3-edb9-4b60-952a-f9cce53ed293', 'expense', 10485.02, 'ARS', NULL, NULL, NULL, '2026-06-02', '2026-07-02', 'MERPAGO*PAOLAANDREASO', NULL, 'a3122df8-6160-4cc8-8165-efbfd42605f6', '7ed8379d-e149-4301-8775-95acabfb53ee', 'statement_import', false, '2775aa5d-e0d4-484e-8200-4dd5a6ffab6b', 'stmt|3434|2026-06-02|10485.02||#140216', '2026-07-06 18:03:50.61837+00', '2026-07-06 18:03:50.61837+00', NULL, NULL, NULL),
	('efd56117-3fe8-4ff6-8cfe-0677537d5062', 'ccda33c3-edb9-4b60-952a-f9cce53ed293', 'expense', 5000.00, 'ARS', NULL, NULL, NULL, '2026-06-02', '2026-07-02', 'MERPAGO*SWEETSWEETWAY', '1f0a43ae-3296-461b-9924-fbddf4927bcd', 'a3122df8-6160-4cc8-8165-efbfd42605f6', '7ed8379d-e149-4301-8775-95acabfb53ee', 'statement_import', false, '2775aa5d-e0d4-484e-8200-4dd5a6ffab6b', 'stmt|3434|2026-06-02|5000.00||#395944', '2026-07-06 18:03:50.61837+00', '2026-07-06 18:03:50.61837+00', NULL, NULL, NULL),
	('14a80055-b0d0-415d-ac46-39c9a4eb9fac', 'ccda33c3-edb9-4b60-952a-f9cce53ed293', 'expense', 9094.15, 'ARS', NULL, NULL, NULL, '2026-06-02', '2026-07-02', 'MERPAGO*PIPINOLUNA', NULL, 'a3122df8-6160-4cc8-8165-efbfd42605f6', '7ed8379d-e149-4301-8775-95acabfb53ee', 'statement_import', false, '2775aa5d-e0d4-484e-8200-4dd5a6ffab6b', 'stmt|3434|2026-06-02|9094.15||#215820', '2026-07-06 18:03:50.61837+00', '2026-07-06 18:03:50.61837+00', NULL, NULL, NULL),
	('4df8ad86-29ff-4d73-b51d-7592d2d02166', 'ccda33c3-edb9-4b60-952a-f9cce53ed293', 'expense', 6800.00, 'ARS', NULL, NULL, NULL, '2026-06-06', '2026-07-02', 'MERPAGO*KIOSCOJULIO', '8f6daf95-d4fc-4e6c-8609-608ffb8efbd6', 'a3122df8-6160-4cc8-8165-efbfd42605f6', '7ed8379d-e149-4301-8775-95acabfb53ee', 'statement_import', false, '2775aa5d-e0d4-484e-8200-4dd5a6ffab6b', 'stmt|3434|2026-06-06|6800.00||#445974', '2026-07-06 18:03:50.61837+00', '2026-07-06 18:03:50.61837+00', NULL, NULL, NULL),
	('19c25798-486a-433a-807f-047306b02886', 'ccda33c3-edb9-4b60-952a-f9cce53ed293', 'expense', 7917.26, 'ARS', NULL, NULL, NULL, '2026-06-06', '2026-07-02', 'MERPAGO*JUANDEDIOSGOD', NULL, 'a3122df8-6160-4cc8-8165-efbfd42605f6', '7ed8379d-e149-4301-8775-95acabfb53ee', 'statement_import', false, '2775aa5d-e0d4-484e-8200-4dd5a6ffab6b', 'stmt|3434|2026-06-06|7917.26||#919028', '2026-07-06 18:03:50.61837+00', '2026-07-06 18:03:50.61837+00', NULL, NULL, NULL),
	('2678589c-3828-47e2-8ff0-d72976eef675', 'ccda33c3-edb9-4b60-952a-f9cce53ed293', 'expense', 6419.40, 'ARS', NULL, NULL, NULL, '2026-06-06', '2026-07-02', 'MERPAGO*CONSTANZAVOCO', NULL, 'a3122df8-6160-4cc8-8165-efbfd42605f6', '7ed8379d-e149-4301-8775-95acabfb53ee', 'statement_import', false, '2775aa5d-e0d4-484e-8200-4dd5a6ffab6b', 'stmt|3434|2026-06-06|6419.40||#448508', '2026-07-06 18:03:50.61837+00', '2026-07-06 18:03:50.61837+00', NULL, NULL, NULL),
	('29a6f47a-0b90-435e-b5bf-d6813081f756', 'ccda33c3-edb9-4b60-952a-f9cce53ed293', 'expense', 8987.16, 'ARS', NULL, NULL, NULL, '2026-06-07', '2026-07-02', 'MERPAGO*CANDELARIAGUA', NULL, 'a3122df8-6160-4cc8-8165-efbfd42605f6', '7ed8379d-e149-4301-8775-95acabfb53ee', 'statement_import', false, '2775aa5d-e0d4-484e-8200-4dd5a6ffab6b', 'stmt|3434|2026-06-07|8987.16||#071168', '2026-07-06 18:03:50.61837+00', '2026-07-06 18:03:50.61837+00', NULL, NULL, NULL),
	('9f2e965a-fbda-4bcc-8e7c-05dd1cf7c624', 'ccda33c3-edb9-4b60-952a-f9cce53ed293', 'expense', 7489.30, 'ARS', NULL, NULL, NULL, '2026-06-09', '2026-07-02', 'MERPAGO*JUANCRUZBRAVO', NULL, 'a3122df8-6160-4cc8-8165-efbfd42605f6', '7ed8379d-e149-4301-8775-95acabfb53ee', 'statement_import', false, '2775aa5d-e0d4-484e-8200-4dd5a6ffab6b', 'stmt|3434|2026-06-09|7489.30||#704153', '2026-07-06 18:03:50.61837+00', '2026-07-06 18:03:50.61837+00', NULL, NULL, NULL),
	('43f5087b-4f1b-49ae-9fd3-2152082c041d', 'ccda33c3-edb9-4b60-952a-f9cce53ed293', 'expense', 10493.16, 'ARS', NULL, NULL, NULL, '2026-06-10', '2026-07-02', 'MERPAGO*RED', NULL, 'a3122df8-6160-4cc8-8165-efbfd42605f6', '7ed8379d-e149-4301-8775-95acabfb53ee', 'statement_import', false, '2775aa5d-e0d4-484e-8200-4dd5a6ffab6b', 'stmt|3434|2026-06-10|10493.16||#981507', '2026-07-06 18:03:50.61837+00', '2026-07-06 18:03:50.61837+00', NULL, NULL, NULL),
	('008a5ff4-68c7-4a6f-bae2-bf9385b51b22', 'ccda33c3-edb9-4b60-952a-f9cce53ed293', 'expense', 9629.10, 'ARS', NULL, NULL, NULL, '2026-06-10', '2026-07-02', 'MERPAGO*VIOLETAVALENT', NULL, 'a3122df8-6160-4cc8-8165-efbfd42605f6', '7ed8379d-e149-4301-8775-95acabfb53ee', 'statement_import', false, '2775aa5d-e0d4-484e-8200-4dd5a6ffab6b', 'stmt|3434|2026-06-10|9629.10||#738277', '2026-07-06 18:03:50.61837+00', '2026-07-06 18:03:50.61837+00', NULL, NULL, NULL),
	('5890c919-1d70-42bf-983c-39d457c2b5e4', 'ccda33c3-edb9-4b60-952a-f9cce53ed293', 'expense', 24238.80, 'ARS', NULL, NULL, NULL, '2026-06-11', '2026-07-02', 'MERPAGO*MERCADOLIBRE', '8f6daf95-d4fc-4e6c-8609-608ffb8efbd6', 'a3122df8-6160-4cc8-8165-efbfd42605f6', '7ed8379d-e149-4301-8775-95acabfb53ee', 'statement_import', false, '2775aa5d-e0d4-484e-8200-4dd5a6ffab6b', 'stmt|3434|2026-06-11|24238.80||#366701', '2026-07-06 18:03:50.61837+00', '2026-07-06 18:03:50.61837+00', NULL, NULL, NULL),
	('6ae1ffa9-6b2e-4551-9e25-6b3e1a73bf64', 'ccda33c3-edb9-4b60-952a-f9cce53ed293', 'expense', 38771.60, 'ARS', NULL, NULL, NULL, '2026-06-11', '2026-07-02', 'MERPAGO*TAZMANIA', NULL, 'a3122df8-6160-4cc8-8165-efbfd42605f6', '7ed8379d-e149-4301-8775-95acabfb53ee', 'statement_import', false, '2775aa5d-e0d4-484e-8200-4dd5a6ffab6b', 'stmt|3434|2026-06-11|38771.60||#978897', '2026-07-06 18:03:50.61837+00', '2026-07-06 18:03:50.61837+00', NULL, NULL, NULL),
	('ba26fdff-f00e-4c86-9c9b-32d04be0bc88', 'ccda33c3-edb9-4b60-952a-f9cce53ed293', 'expense', 19579.17, 'ARS', NULL, NULL, NULL, '2026-06-12', '2026-07-02', 'MERPAGO*CONSTANZAVOCO', NULL, 'a3122df8-6160-4cc8-8165-efbfd42605f6', '7ed8379d-e149-4301-8775-95acabfb53ee', 'statement_import', false, '2775aa5d-e0d4-484e-8200-4dd5a6ffab6b', 'stmt|3434|2026-06-12|19579.17||#293543', '2026-07-06 18:03:50.61837+00', '2026-07-06 18:03:50.61837+00', NULL, NULL, NULL),
	('ecf1766a-d87e-422a-a3d1-0509d37c42f3', 'ccda33c3-edb9-4b60-952a-f9cce53ed293', 'expense', 11480.03, 'ARS', NULL, NULL, NULL, '2026-06-13', '2026-07-02', 'MERPAGO*JULIETABUSTOS', NULL, 'a3122df8-6160-4cc8-8165-efbfd42605f6', '7ed8379d-e149-4301-8775-95acabfb53ee', 'statement_import', false, '2775aa5d-e0d4-484e-8200-4dd5a6ffab6b', 'stmt|3434|2026-06-13|11480.03||#890285', '2026-07-06 18:03:50.61837+00', '2026-07-06 18:03:50.61837+00', NULL, NULL, NULL),
	('b550fe81-e00c-4ce1-a4e9-a03dbaaa25cf', 'ccda33c3-edb9-4b60-952a-f9cce53ed293', 'expense', 18188.30, 'ARS', NULL, NULL, NULL, '2026-06-14', '2026-07-02', 'MERPAGO*PILARPEREDA', NULL, 'a3122df8-6160-4cc8-8165-efbfd42605f6', '7ed8379d-e149-4301-8775-95acabfb53ee', 'statement_import', false, '2775aa5d-e0d4-484e-8200-4dd5a6ffab6b', 'stmt|3434|2026-06-14|18188.30||#561407', '2026-07-06 18:03:50.61837+00', '2026-07-06 18:03:50.61837+00', NULL, NULL, NULL),
	('d985a6b3-f99e-4887-b0b7-701a980d07d6', 'ccda33c3-edb9-4b60-952a-f9cce53ed293', 'expense', 10000.00, 'ARS', NULL, NULL, NULL, '2026-06-15', '2026-07-02', 'MERPAGO*CRUZCBA', NULL, 'a3122df8-6160-4cc8-8165-efbfd42605f6', '7ed8379d-e149-4301-8775-95acabfb53ee', 'statement_import', false, '2775aa5d-e0d4-484e-8200-4dd5a6ffab6b', 'stmt|3434|2026-06-15|10000.00||#753486', '2026-07-06 18:03:50.61837+00', '2026-07-06 18:03:50.61837+00', NULL, NULL, NULL),
	('9ab9e799-5f14-4e99-b4b5-9e3f23d05c55', 'ccda33c3-edb9-4b60-952a-f9cce53ed293', 'expense', 13587.73, 'ARS', NULL, NULL, NULL, '2026-06-16', '2026-07-02', 'MERPAGO*PAOLAANDREASO', NULL, 'a3122df8-6160-4cc8-8165-efbfd42605f6', '7ed8379d-e149-4301-8775-95acabfb53ee', 'statement_import', false, '2775aa5d-e0d4-484e-8200-4dd5a6ffab6b', 'stmt|3434|2026-06-16|13587.73||#794456', '2026-07-06 18:03:50.61837+00', '2026-07-06 18:03:50.61837+00', NULL, NULL, NULL),
	('915e2bc0-0534-4755-abc8-9afda31446f5', 'ccda33c3-edb9-4b60-952a-f9cce53ed293', 'expense', 16048.50, 'ARS', NULL, NULL, NULL, '2026-06-17', '2026-07-02', 'MERPAGO*HERMESDEMIANP', NULL, 'a3122df8-6160-4cc8-8165-efbfd42605f6', '7ed8379d-e149-4301-8775-95acabfb53ee', 'statement_import', false, '2775aa5d-e0d4-484e-8200-4dd5a6ffab6b', 'stmt|3434|2026-06-17|16048.50||#511969', '2026-07-06 18:03:50.61837+00', '2026-07-06 18:03:50.61837+00', NULL, NULL, NULL),
	('160662cd-d9f4-4bdd-bb24-23d8f85e0be1', 'ccda33c3-edb9-4b60-952a-f9cce53ed293', 'expense', 14290.00, 'ARS', NULL, NULL, NULL, '2026-06-17', '2026-07-02', 'MERPAGO*BOMBROYAL1', NULL, 'a3122df8-6160-4cc8-8165-efbfd42605f6', '7ed8379d-e149-4301-8775-95acabfb53ee', 'statement_import', false, '2775aa5d-e0d4-484e-8200-4dd5a6ffab6b', 'stmt|3434|2026-06-17|14290.00||#724110', '2026-07-06 18:03:50.61837+00', '2026-07-06 18:03:50.61837+00', NULL, NULL, NULL),
	('30557a38-03ef-4ce7-b26c-f4c8cd76f0ad', 'ccda33c3-edb9-4b60-952a-f9cce53ed293', 'expense', 7494.00, 'ARS', NULL, NULL, NULL, '2026-06-17', '2026-07-02', 'MERPAGO*FARMACITY', '4bb74a85-68b5-4e7f-b780-a5657b04bff6', 'a3122df8-6160-4cc8-8165-efbfd42605f6', '7ed8379d-e149-4301-8775-95acabfb53ee', 'statement_import', false, '2775aa5d-e0d4-484e-8200-4dd5a6ffab6b', 'stmt|3434|2026-06-17|7494.00||#150699', '2026-07-06 18:03:50.61837+00', '2026-07-06 18:03:50.61837+00', NULL, NULL, NULL),
	('66426f45-fa26-4dc3-8022-9a77fa2f3121', 'ccda33c3-edb9-4b60-952a-f9cce53ed293', 'expense', 4500.00, 'ARS', NULL, NULL, NULL, '2026-06-17', '2026-07-02', 'MERPAGO*PIXEL', NULL, 'a3122df8-6160-4cc8-8165-efbfd42605f6', '7ed8379d-e149-4301-8775-95acabfb53ee', 'statement_import', false, '2775aa5d-e0d4-484e-8200-4dd5a6ffab6b', 'stmt|3434|2026-06-17|4500.00||#820666', '2026-07-06 18:03:50.61837+00', '2026-07-06 18:03:50.61837+00', NULL, NULL, NULL),
	('c069edb7-aeb4-4091-bec3-26d632a6c444', 'ccda33c3-edb9-4b60-952a-f9cce53ed293', 'expense', 7168.33, 'ARS', NULL, NULL, NULL, '2026-06-18', '2026-07-02', 'MERPAGO*VIOLETAVALENT', NULL, 'a3122df8-6160-4cc8-8165-efbfd42605f6', '7ed8379d-e149-4301-8775-95acabfb53ee', 'statement_import', false, '2775aa5d-e0d4-484e-8200-4dd5a6ffab6b', 'stmt|3434|2026-06-18|7168.33||#392329', '2026-07-06 18:03:50.61837+00', '2026-07-06 18:03:50.61837+00', NULL, NULL, NULL),
	('aa1bd93b-2584-46d0-b696-3db503e89d72', 'ccda33c3-edb9-4b60-952a-f9cce53ed293', 'expense', 344100.00, 'ARS', NULL, NULL, NULL, '2026-06-20', '2026-07-02', 'MERPAGO*JOVASAS', NULL, 'a3122df8-6160-4cc8-8165-efbfd42605f6', '7ed8379d-e149-4301-8775-95acabfb53ee', 'statement_import', false, '2775aa5d-e0d4-484e-8200-4dd5a6ffab6b', 'stmt|3434|2026-06-20|344100.00||#192916', '2026-07-06 18:03:50.61837+00', '2026-07-06 18:03:50.61837+00', NULL, NULL, NULL),
	('c822910d-398b-48c8-833e-548536a15c0a', 'ccda33c3-edb9-4b60-952a-f9cce53ed293', 'expense', 30800.00, 'ARS', NULL, NULL, NULL, '2026-06-21', '2026-07-02', 'MERPAGO*JOVASAS', NULL, 'a3122df8-6160-4cc8-8165-efbfd42605f6', '7ed8379d-e149-4301-8775-95acabfb53ee', 'statement_import', false, '2775aa5d-e0d4-484e-8200-4dd5a6ffab6b', 'stmt|3434|2026-06-21|30800.00||#796838', '2026-07-06 18:03:50.61837+00', '2026-07-06 18:03:50.61837+00', NULL, NULL, NULL),
	('d0b27fd2-b57c-47f1-ac63-ae17494638ca', 'ccda33c3-edb9-4b60-952a-f9cce53ed293', 'expense', 10000.00, 'ARS', NULL, NULL, NULL, '2026-06-24', '2026-07-02', 'MERPAGO*PUMPU', NULL, 'a3122df8-6160-4cc8-8165-efbfd42605f6', '7ed8379d-e149-4301-8775-95acabfb53ee', 'statement_import', false, '2775aa5d-e0d4-484e-8200-4dd5a6ffab6b', 'stmt|3434|2026-06-24|10000.00||#083871', '2026-07-06 18:03:50.61837+00', '2026-07-06 18:03:50.61837+00', NULL, NULL, NULL),
	('71ad6de7-7eae-46da-b786-f6a8c7177082', 'ccda33c3-edb9-4b60-952a-f9cce53ed293', 'expense', 1860.00, 'ARS', NULL, NULL, NULL, '2026-06-24', '2026-07-02', 'MERPAGO*FARMACITY', '4bb74a85-68b5-4e7f-b780-a5657b04bff6', 'a3122df8-6160-4cc8-8165-efbfd42605f6', '7ed8379d-e149-4301-8775-95acabfb53ee', 'statement_import', false, '2775aa5d-e0d4-484e-8200-4dd5a6ffab6b', 'stmt|3434|2026-06-24|1860.00||#575245', '2026-07-06 18:03:50.61837+00', '2026-07-06 18:03:50.61837+00', NULL, NULL, NULL),
	('3b8b5fd4-8ed5-49c7-b92a-16e231a599cb', 'ccda33c3-edb9-4b60-952a-f9cce53ed293', 'expense', 15400.00, 'ARS', NULL, NULL, NULL, '2026-06-27', '2026-07-02', 'MERPAGO*STARBUCKS', '1f0a43ae-3296-461b-9924-fbddf4927bcd', 'a3122df8-6160-4cc8-8165-efbfd42605f6', '7ed8379d-e149-4301-8775-95acabfb53ee', 'statement_import', false, '2775aa5d-e0d4-484e-8200-4dd5a6ffab6b', 'stmt|3434|2026-06-27|15400.00||#028699', '2026-07-06 18:03:50.61837+00', '2026-07-06 18:03:50.61837+00', NULL, NULL, NULL),
	('13cf4207-d767-4d40-ace8-1607d44e492e', 'ccda33c3-edb9-4b60-952a-f9cce53ed293', 'expense', 12500.00, 'ARS', NULL, NULL, NULL, '2026-06-27', '2026-07-02', 'MERPAGO*BART9', NULL, 'a3122df8-6160-4cc8-8165-efbfd42605f6', '7ed8379d-e149-4301-8775-95acabfb53ee', 'statement_import', false, '2775aa5d-e0d4-484e-8200-4dd5a6ffab6b', 'stmt|3434|2026-06-27|12500.00||#116198', '2026-07-06 18:03:50.61837+00', '2026-07-06 18:03:50.61837+00', NULL, NULL, NULL),
	('7b102d27-1022-4a64-8f19-d4ca77dd2494', 'ccda33c3-edb9-4b60-952a-f9cce53ed293', 'expense', 8559.20, 'ARS', NULL, NULL, NULL, '2026-06-29', '2026-07-02', 'MERPAGO*MARIANAISABEL', NULL, 'a3122df8-6160-4cc8-8165-efbfd42605f6', '7ed8379d-e149-4301-8775-95acabfb53ee', 'statement_import', false, '2775aa5d-e0d4-484e-8200-4dd5a6ffab6b', 'stmt|3434|2026-06-29|8559.20||#320883', '2026-07-06 18:03:50.61837+00', '2026-07-06 18:03:50.61837+00', NULL, NULL, NULL),
	('c8021e31-cbf5-4802-92a6-87bf0bc0b871', 'ccda33c3-edb9-4b60-952a-f9cce53ed293', 'expense', 14290.84, 'ARS', NULL, NULL, NULL, '2026-07-02', '2026-07-02', 'IMPUESTO DE SELLOS', '40166800-6880-4ab4-9a98-8c8a232b8527', NULL, '7ed8379d-e149-4301-8775-95acabfb53ee', 'statement_import', false, '2775aa5d-e0d4-484e-8200-4dd5a6ffab6b', 'stmt|----|2026-07-02|14290.84||IMPUESTO DE SELLOS', '2026-07-06 18:03:50.61837+00', '2026-07-06 18:03:50.61837+00', NULL, NULL, NULL),
	('ba7e45d7-1a5c-4996-8279-aa5b9667c048', 'ccda33c3-edb9-4b60-952a-f9cce53ed293', 'expense', -6617.17, 'ARS', NULL, NULL, NULL, '2026-05-29', '2026-07-02', 'CR IVA $ 21 %', '40166800-6880-4ab4-9a98-8c8a232b8527', '78b07932-3c6a-4bfc-ab54-174fb063d702', '7ed8379d-e149-4301-8775-95acabfb53ee', 'statement_import', false, 'a5ac7666-e189-47d8-8b50-6bb1cb37d61c', 'stmt|1680|2026-05-29|6617.17||CR IVA $ 21 %', '2026-07-06 18:05:51.608663+00', '2026-07-06 18:05:51.608663+00', NULL, NULL, NULL),
	('662799e1-0d47-4347-a665-23b21e273426', 'ccda33c3-edb9-4b60-952a-f9cce53ed293', 'expense', -31510.33, 'ARS', NULL, NULL, NULL, '2026-05-29', '2026-07-02', 'BONIFIC. COMIS. PROD. PAT', NULL, '78b07932-3c6a-4bfc-ab54-174fb063d702', '7ed8379d-e149-4301-8775-95acabfb53ee', 'statement_import', false, 'a5ac7666-e189-47d8-8b50-6bb1cb37d61c', 'stmt|1680|2026-05-29|31510.33||BONIFIC. COMIS. PROD. PAT', '2026-07-06 18:05:51.608663+00', '2026-07-06 18:05:51.608663+00', NULL, NULL, NULL),
	('1b20a452-f827-4dcf-9b09-fdd0d48b45a3', 'ccda33c3-edb9-4b60-952a-f9cce53ed293', 'expense', -6617.17, 'ARS', NULL, NULL, NULL, '2026-06-30', '2026-07-02', 'CR IVA $ 21 %', '40166800-6880-4ab4-9a98-8c8a232b8527', '78b07932-3c6a-4bfc-ab54-174fb063d702', '7ed8379d-e149-4301-8775-95acabfb53ee', 'statement_import', false, 'a5ac7666-e189-47d8-8b50-6bb1cb37d61c', 'stmt|1680|2026-06-30|6617.17||CR IVA $ 21 %', '2026-07-06 18:05:51.608663+00', '2026-07-06 18:05:51.608663+00', NULL, NULL, NULL),
	('02ae07b4-a8b4-4d06-b7e4-94d627bc4d4e', 'ccda33c3-edb9-4b60-952a-f9cce53ed293', 'expense', -31510.33, 'ARS', NULL, NULL, NULL, '2026-06-30', '2026-07-02', 'BONIFIC. COMIS. PROD. PAT', NULL, '78b07932-3c6a-4bfc-ab54-174fb063d702', '7ed8379d-e149-4301-8775-95acabfb53ee', 'statement_import', false, 'a5ac7666-e189-47d8-8b50-6bb1cb37d61c', 'stmt|1680|2026-06-30|31510.33||BONIFIC. COMIS. PROD. PAT', '2026-07-06 18:05:51.608663+00', '2026-07-06 18:05:51.608663+00', NULL, NULL, NULL),
	('f5f3bb97-a5f0-4980-8266-36bba6b1c8f7', 'ccda33c3-edb9-4b60-952a-f9cce53ed293', 'expense', 9082.88, 'ARS', NULL, NULL, NULL, '2026-06-01', '2026-07-02', 'AFIP VEP 1633637358 20219', '40166800-6880-4ab4-9a98-8c8a232b8527', '78b07932-3c6a-4bfc-ab54-174fb063d702', '7ed8379d-e149-4301-8775-95acabfb53ee', 'statement_import', false, 'a5ac7666-e189-47d8-8b50-6bb1cb37d61c', 'stmt|1680|2026-06-01|9082.88||#009627', '2026-07-06 18:05:51.608663+00', '2026-07-06 18:05:51.608663+00', NULL, NULL, NULL),
	('b56110b6-ea7f-4396-b188-221b2d7f6e45', 'ccda33c3-edb9-4b60-952a-f9cce53ed293', 'expense', 49368.00, 'ARS', NULL, NULL, NULL, '2026-05-27', '2026-07-02', 'WWW.CORDOBA.GOB.AR', '40166800-6880-4ab4-9a98-8c8a232b8527', '19201efb-4efc-47c7-89a4-8b157819dee2', '7ed8379d-e149-4301-8775-95acabfb53ee', 'statement_import', false, 'a5ac7666-e189-47d8-8b50-6bb1cb37d61c', 'stmt|0344|2026-05-27|49368.00||#292136', '2026-07-06 18:05:51.608663+00', '2026-07-06 18:05:51.608663+00', NULL, NULL, NULL),
	('c2dd884d-6168-4654-952e-24cbd7bc8926', 'ccda33c3-edb9-4b60-952a-f9cce53ed293', 'expense', 19747.20, 'ARS', NULL, NULL, NULL, '2026-05-27', '2026-07-02', 'WWW.CORDOBA.GOB.AR', '40166800-6880-4ab4-9a98-8c8a232b8527', '19201efb-4efc-47c7-89a4-8b157819dee2', '7ed8379d-e149-4301-8775-95acabfb53ee', 'statement_import', false, 'a5ac7666-e189-47d8-8b50-6bb1cb37d61c', 'stmt|0344|2026-05-27|19747.20||#292137', '2026-07-06 18:05:51.608663+00', '2026-07-06 18:05:51.608663+00', NULL, NULL, NULL),
	('d75daa3e-d182-42f8-b122-781f95948da0', 'ccda33c3-edb9-4b60-952a-f9cce53ed293', 'expense', 100.00, 'ARS', NULL, NULL, NULL, '2026-06-18', '2026-07-02', 'DLO*PedidosYa Propina', '1f0a43ae-3296-461b-9924-fbddf4927bcd', '19201efb-4efc-47c7-89a4-8b157819dee2', '7ed8379d-e149-4301-8775-95acabfb53ee', 'statement_import', false, 'a5ac7666-e189-47d8-8b50-6bb1cb37d61c', 'stmt|0344|2026-06-18|100.00||#672750', '2026-07-06 18:05:51.608663+00', '2026-07-06 18:05:51.608663+00', NULL, NULL, NULL),
	('64080548-ef3c-47d8-9c0c-fc83d05dc84d', 'ccda33c3-edb9-4b60-952a-f9cce53ed293', 'expense', 320524.84, 'ARS', NULL, NULL, NULL, '2026-06-18', '2026-07-02', 'PERSONAL 300077782611001', 'f780ee38-c81c-4f63-8144-e372755d990f', '19201efb-4efc-47c7-89a4-8b157819dee2', '7ed8379d-e149-4301-8775-95acabfb53ee', 'statement_import', false, 'a5ac7666-e189-47d8-8b50-6bb1cb37d61c', 'stmt|0344|2026-06-18|320524.84||#024032', '2026-07-06 18:05:51.608663+00', '2026-07-06 18:05:51.608663+00', NULL, NULL, NULL),
	('4ebd119a-dedb-45cb-b80a-2e3dea014360', 'ccda33c3-edb9-4b60-952a-f9cce53ed293', 'expense', 15882.32, 'ARS', NULL, NULL, NULL, '2026-06-18', '2026-07-02', 'PEDIDOSYA*MARKET', '85a32e0e-aee2-46bf-b84a-80c1f0881153', '19201efb-4efc-47c7-89a4-8b157819dee2', '7ed8379d-e149-4301-8775-95acabfb53ee', 'statement_import', false, 'a5ac7666-e189-47d8-8b50-6bb1cb37d61c', 'stmt|0344|2026-06-18|15882.32||#008905', '2026-07-06 18:05:51.608663+00', '2026-07-06 18:05:51.608663+00', NULL, NULL, NULL),
	('7eee9858-7ea3-489c-bc1a-04ccaded7e08', 'ccda33c3-edb9-4b60-952a-f9cce53ed293', 'expense', 525.55, 'ARS', NULL, NULL, NULL, '2026-06-18', '2026-07-02', 'PEDIDOSYA*EXTRA', '1f0a43ae-3296-461b-9924-fbddf4927bcd', '19201efb-4efc-47c7-89a4-8b157819dee2', '7ed8379d-e149-4301-8775-95acabfb53ee', 'statement_import', false, 'a5ac7666-e189-47d8-8b50-6bb1cb37d61c', 'stmt|0344|2026-06-18|525.55||#000685', '2026-07-06 18:05:51.608663+00', '2026-07-06 18:05:51.608663+00', NULL, NULL, NULL),
	('9c21a58b-cf1b-4ccc-9bc7-341e7d9ffcc6', 'ccda33c3-edb9-4b60-952a-f9cce53ed293', 'expense', -30.00, 'ARS', NULL, NULL, NULL, '2026-06-18', '2026-07-02', 'BONIF. CONSUMO DLO*PedidosYa Propin', '1f0a43ae-3296-461b-9924-fbddf4927bcd', '19201efb-4efc-47c7-89a4-8b157819dee2', '7ed8379d-e149-4301-8775-95acabfb53ee', 'statement_import', false, 'a5ac7666-e189-47d8-8b50-6bb1cb37d61c', 'stmt|0344|2026-06-18|30.00||#672750', '2026-07-06 18:05:51.608663+00', '2026-07-06 18:05:51.608663+00', NULL, NULL, NULL),
	('58eefbbf-1dc1-4bd7-a20c-f485c839235e', 'ccda33c3-edb9-4b60-952a-f9cce53ed293', 'expense', -4764.69, 'ARS', NULL, NULL, NULL, '2026-06-18', '2026-07-02', 'BONIF. CONSUMO PEDIDOSYA*MARKET', '1f0a43ae-3296-461b-9924-fbddf4927bcd', '19201efb-4efc-47c7-89a4-8b157819dee2', '7ed8379d-e149-4301-8775-95acabfb53ee', 'statement_import', false, 'a5ac7666-e189-47d8-8b50-6bb1cb37d61c', 'stmt|0344|2026-06-18|4764.69||#008905', '2026-07-06 18:05:51.608663+00', '2026-07-06 18:05:51.608663+00', NULL, NULL, NULL),
	('382f5853-758e-4608-a35b-652df88e8608', 'ccda33c3-edb9-4b60-952a-f9cce53ed293', 'expense', -157.66, 'ARS', NULL, NULL, NULL, '2026-06-18', '2026-07-02', 'BONIF. CONSUMO PEDIDOSYA*EXTRA', '1f0a43ae-3296-461b-9924-fbddf4927bcd', '19201efb-4efc-47c7-89a4-8b157819dee2', '7ed8379d-e149-4301-8775-95acabfb53ee', 'statement_import', false, 'a5ac7666-e189-47d8-8b50-6bb1cb37d61c', 'stmt|0344|2026-06-18|157.66||#000685', '2026-07-06 18:05:51.608663+00', '2026-07-06 18:05:51.608663+00', NULL, NULL, NULL),
	('99818de1-18f3-4ca4-ba17-3296d4005289', 'ccda33c3-edb9-4b60-952a-f9cce53ed293', 'expense', 71418.50, 'ARS', NULL, NULL, NULL, '2026-06-10', '2026-07-02', 'CARREFOUR CBA. COLON', '85a32e0e-aee2-46bf-b84a-80c1f0881153', '54bd5ba5-ee7c-44b0-8202-85e559497b29', '7ed8379d-e149-4301-8775-95acabfb53ee', 'statement_import', false, 'a5ac7666-e189-47d8-8b50-6bb1cb37d61c', 'stmt|0351|2026-06-10|71418.50||#007898', '2026-07-06 18:05:51.608663+00', '2026-07-06 18:05:51.608663+00', NULL, NULL, NULL),
	('1de793fd-b2c6-4991-98b3-1becfbb33ce0', 'ccda33c3-edb9-4b60-952a-f9cce53ed293', 'expense', 19258.20, 'ARS', NULL, NULL, NULL, '2026-06-15', '2026-07-02', 'MERPAGO*MONICAEDITHZARATE', NULL, '54bd5ba5-ee7c-44b0-8202-85e559497b29', '7ed8379d-e149-4301-8775-95acabfb53ee', 'statement_import', false, 'a5ac7666-e189-47d8-8b50-6bb1cb37d61c', 'stmt|0351|2026-06-15|19258.20||#460892', '2026-07-06 18:05:51.608663+00', '2026-07-06 18:05:51.608663+00', NULL, NULL, NULL),
	('b79fa2d0-bf77-49c1-bfcd-71f0ef9b1500', 'ccda33c3-edb9-4b60-952a-f9cce53ed293', 'expense', 12000.00, 'ARS', NULL, NULL, NULL, '2026-06-29', '2026-07-02', 'ATECOR', NULL, '54bd5ba5-ee7c-44b0-8202-85e559497b29', '7ed8379d-e149-4301-8775-95acabfb53ee', 'statement_import', false, 'a5ac7666-e189-47d8-8b50-6bb1cb37d61c', 'stmt|0351|2026-06-29|12000.00||#261804', '2026-07-06 18:05:51.608663+00', '2026-07-06 18:05:51.608663+00', NULL, NULL, NULL),
	('9634ee05-f889-4be1-93a2-92bb28a278df', 'ccda33c3-edb9-4b60-952a-f9cce53ed293', 'expense', 13394.50, 'ARS', NULL, NULL, NULL, '2026-06-29', '2026-07-02', 'EXPRESS INDEPENDENCIA 585', NULL, '54bd5ba5-ee7c-44b0-8202-85e559497b29', '7ed8379d-e149-4301-8775-95acabfb53ee', 'statement_import', false, 'a5ac7666-e189-47d8-8b50-6bb1cb37d61c', 'stmt|0351|2026-06-29|13394.50||#006274', '2026-07-06 18:05:51.608663+00', '2026-07-06 18:05:51.608663+00', NULL, NULL, NULL),
	('4a4d4a4a-7c75-4672-9382-ec59ca2a4c08', 'ccda33c3-edb9-4b60-952a-f9cce53ed293', 'expense', 31510.33, 'ARS', NULL, NULL, NULL, '2026-05-29', '2026-07-02', 'COMIS. PROD. PAT. SINGULAR', NULL, NULL, '7ed8379d-e149-4301-8775-95acabfb53ee', 'statement_import', false, 'a5ac7666-e189-47d8-8b50-6bb1cb37d61c', 'stmt|----|2026-05-29|31510.33||COMIS. PROD. PAT. SINGULAR', '2026-07-06 18:05:51.608663+00', '2026-07-06 18:05:51.608663+00', NULL, NULL, NULL),
	('645579c6-85d5-4102-8758-b016555050a6', 'ccda33c3-edb9-4b60-952a-f9cce53ed293', 'expense', 31510.33, 'ARS', NULL, NULL, NULL, '2026-06-30', '2026-07-02', 'COMIS. PROD. PAT. SINGULAR', NULL, NULL, '7ed8379d-e149-4301-8775-95acabfb53ee', 'statement_import', false, 'a5ac7666-e189-47d8-8b50-6bb1cb37d61c', 'stmt|----|2026-06-30|31510.33||COMIS. PROD. PAT. SINGULAR', '2026-07-06 18:05:51.608663+00', '2026-07-06 18:05:51.608663+00', NULL, NULL, NULL),
	('099842d6-1d7c-445b-80ab-46ee32f3e996', 'ccda33c3-edb9-4b60-952a-f9cce53ed293', 'expense', 9039.07, 'ARS', NULL, NULL, NULL, '2026-07-02', '2026-07-02', 'IMPUESTO DE SELLOS', '40166800-6880-4ab4-9a98-8c8a232b8527', NULL, '7ed8379d-e149-4301-8775-95acabfb53ee', 'statement_import', false, 'a5ac7666-e189-47d8-8b50-6bb1cb37d61c', 'stmt|----|2026-07-02|9039.07||IMPUESTO DE SELLOS', '2026-07-06 18:05:51.608663+00', '2026-07-06 18:05:51.608663+00', NULL, NULL, NULL),
	('4a49403e-1bb4-44ac-bb85-b1509a9afe14', 'ccda33c3-edb9-4b60-952a-f9cce53ed293', 'expense', 63020.66, 'ARS', NULL, NULL, NULL, '2026-07-02', '2026-07-02', 'DB IVA $ 21%', '40166800-6880-4ab4-9a98-8c8a232b8527', NULL, '7ed8379d-e149-4301-8775-95acabfb53ee', 'statement_import', false, 'a5ac7666-e189-47d8-8b50-6bb1cb37d61c', 'stmt|----|2026-07-02|63020.66||DB IVA $ 21%', '2026-07-06 18:05:51.608663+00', '2026-07-06 18:05:51.608663+00', NULL, NULL, NULL),
	('37a6444c-7a1f-42ba-89a8-d5fa8923e4a6', 'ccda33c3-edb9-4b60-952a-f9cce53ed293', 'expense', 12349.00, 'ARS', NULL, NULL, NULL, '2026-05-22', '2026-06-25', 'PEDIDOSYA*MARKET', '85a32e0e-aee2-46bf-b84a-80c1f0881153', 'e08297d5-faf0-466b-9b57-ae55a6ac5326', '7ed8379d-e149-4301-8775-95acabfb53ee', 'statement_import', false, '4e89a0a3-e9f0-406b-9ef4-a860b62478ac', 'stmt|9099|2026-05-22|12349.00||#004924', '2026-07-06 18:10:14.361226+00', '2026-07-06 18:10:14.361226+00', NULL, NULL, NULL),
	('5340ab4a-ad52-4b65-97ef-ba6a37e432f1', 'ccda33c3-edb9-4b60-952a-f9cce53ed293', 'expense', 23326.00, 'ARS', NULL, NULL, NULL, '2026-05-24', '2026-06-25', 'PEDIDOSYA*TOP BURGER UR', '1f0a43ae-3296-461b-9924-fbddf4927bcd', 'e08297d5-faf0-466b-9b57-ae55a6ac5326', '7ed8379d-e149-4301-8775-95acabfb53ee', 'statement_import', false, '4e89a0a3-e9f0-406b-9ef4-a860b62478ac', 'stmt|9099|2026-05-24|23326.00||#000572', '2026-07-06 18:10:14.361226+00', '2026-07-06 18:10:14.361226+00', NULL, NULL, NULL),
	('b6936f50-140b-4c39-8354-f584a85cea66', 'ccda33c3-edb9-4b60-952a-f9cce53ed293', 'expense', 8590.00, 'ARS', NULL, NULL, NULL, '2026-05-30', '2026-06-25', 'PEDIDOSYA*WALU COLON', '1f0a43ae-3296-461b-9924-fbddf4927bcd', 'e08297d5-faf0-466b-9b57-ae55a6ac5326', '7ed8379d-e149-4301-8775-95acabfb53ee', 'statement_import', false, '4e89a0a3-e9f0-406b-9ef4-a860b62478ac', 'stmt|9099|2026-05-30|8590.00||#003838', '2026-07-06 18:10:14.361226+00', '2026-07-06 18:10:14.361226+00', NULL, NULL, NULL),
	('8fa952e3-45b2-41ad-82dc-ec3ec4f0058e', 'ccda33c3-edb9-4b60-952a-f9cce53ed293', 'expense', 13709.00, 'ARS', NULL, NULL, NULL, '2026-06-01', '2026-06-25', 'PEDIDOSYA*FAMIGLIA CASA', '1f0a43ae-3296-461b-9924-fbddf4927bcd', 'e08297d5-faf0-466b-9b57-ae55a6ac5326', '7ed8379d-e149-4301-8775-95acabfb53ee', 'statement_import', false, '4e89a0a3-e9f0-406b-9ef4-a860b62478ac', 'stmt|9099|2026-06-01|13709.00||#005477', '2026-07-06 18:10:14.361226+00', '2026-07-06 18:10:14.361226+00', NULL, NULL, NULL),
	('86b7ca71-d1e8-45ff-9035-fd50302ad129', 'ccda33c3-edb9-4b60-952a-f9cce53ed293', 'expense', 14230.00, 'ARS', NULL, NULL, NULL, '2026-06-06', '2026-06-25', 'PEDIDOSYA*PUNTO 33 COLO', '1f0a43ae-3296-461b-9924-fbddf4927bcd', 'e08297d5-faf0-466b-9b57-ae55a6ac5326', '7ed8379d-e149-4301-8775-95acabfb53ee', 'statement_import', false, '4e89a0a3-e9f0-406b-9ef4-a860b62478ac', 'stmt|9099|2026-06-06|14230.00||#008081', '2026-07-06 18:10:14.361226+00', '2026-07-06 18:10:14.361226+00', NULL, NULL, NULL),
	('4d990fdc-e9f8-4f80-962d-edb9b08e3e49', 'ccda33c3-edb9-4b60-952a-f9cce53ed293', 'expense', 45000.00, 'ARS', NULL, NULL, NULL, '2026-06-20', '2026-06-25', 'MANANTIAL BOTANICO', '4bb74a85-68b5-4e7f-b780-a5657b04bff6', 'e08297d5-faf0-466b-9b57-ae55a6ac5326', '7ed8379d-e149-4301-8775-95acabfb53ee', 'statement_import', false, '4e89a0a3-e9f0-406b-9ef4-a860b62478ac', 'stmt|9099|2026-06-20|45000.00||#006136', '2026-07-06 18:10:14.361226+00', '2026-07-06 18:10:14.361226+00', NULL, NULL, NULL),
	('2934212b-3dda-4431-a077-1f7019e52a88', 'ccda33c3-edb9-4b60-952a-f9cce53ed293', 'expense', 8946.00, 'ARS', NULL, NULL, NULL, '2026-06-20', '2026-06-25', 'PEDIDOSYA*MARKET', '85a32e0e-aee2-46bf-b84a-80c1f0881153', 'e08297d5-faf0-466b-9b57-ae55a6ac5326', '7ed8379d-e149-4301-8775-95acabfb53ee', 'statement_import', false, '4e89a0a3-e9f0-406b-9ef4-a860b62478ac', 'stmt|9099|2026-06-20|8946.00||#009511', '2026-07-06 18:10:14.361226+00', '2026-07-06 18:10:14.361226+00', NULL, NULL, NULL),
	('56ae5313-620c-4291-bcb1-24460a57d79e', 'ccda33c3-edb9-4b60-952a-f9cce53ed293', 'expense', 11566.66, 'ARS', NULL, NULL, NULL, '2026-03-30', '2026-06-25', 'FARMACITY FUNES Y NA C.03/03', '4bb74a85-68b5-4e7f-b780-a5657b04bff6', '24327050-836f-4ae1-a156-5fb91a5e8c8f', '7ed8379d-e149-4301-8775-95acabfb53ee', 'statement_import', false, '4e89a0a3-e9f0-406b-9ef4-a860b62478ac', 'stmt|9107|2026-03-30|11566.66||#007104', '2026-07-06 18:10:14.361226+00', '2026-07-06 18:10:14.361226+00', NULL, NULL, NULL),
	('2744c033-be5d-48e0-9ab6-b9a6e9fc4669', 'ccda33c3-edb9-4b60-952a-f9cce53ed293', 'expense', 7275.32, 'ARS', NULL, NULL, NULL, '2026-05-22', '2026-06-25', 'MERPAGO*ALEJANDROGABBIANI', NULL, '24327050-836f-4ae1-a156-5fb91a5e8c8f', '7ed8379d-e149-4301-8775-95acabfb53ee', 'statement_import', false, '4e89a0a3-e9f0-406b-9ef4-a860b62478ac', 'stmt|9107|2026-05-22|7275.32||#006066', '2026-07-06 18:10:14.361226+00', '2026-07-06 18:10:14.361226+00', NULL, NULL, NULL),
	('1e84ec01-3bab-4162-abff-3d992cb78c22', 'ccda33c3-edb9-4b60-952a-f9cce53ed293', 'expense', 30000.00, 'ARS', NULL, NULL, NULL, '2026-05-22', '2026-06-25', 'ESSO SERV MEDIAR', NULL, '24327050-836f-4ae1-a156-5fb91a5e8c8f', '7ed8379d-e149-4301-8775-95acabfb53ee', 'statement_import', false, '4e89a0a3-e9f0-406b-9ef4-a860b62478ac', 'stmt|9107|2026-05-22|30000.00||#057450', '2026-07-06 18:10:14.361226+00', '2026-07-06 18:10:14.361226+00', NULL, NULL, NULL),
	('79c413cf-9c23-41b2-863c-b31ccf226a95', 'ccda33c3-edb9-4b60-952a-f9cce53ed293', 'expense', 3423.68, 'ARS', NULL, NULL, NULL, '2026-05-26', '2026-06-25', 'MERPAGO*MAXIMILIANODAVIDM', NULL, '24327050-836f-4ae1-a156-5fb91a5e8c8f', '7ed8379d-e149-4301-8775-95acabfb53ee', 'statement_import', false, '4e89a0a3-e9f0-406b-9ef4-a860b62478ac', 'stmt|9107|2026-05-26|3423.68||#568183', '2026-07-06 18:10:14.361226+00', '2026-07-06 18:10:14.361226+00', NULL, NULL, NULL),
	('ab18271e-c5d9-4a9c-831b-23286a638c70', 'ccda33c3-edb9-4b60-952a-f9cce53ed293', 'expense', 13908.70, 'ARS', NULL, NULL, NULL, '2026-05-26', '2026-06-25', 'MERPAGO*MATIASJAVIERGALIA', NULL, '24327050-836f-4ae1-a156-5fb91a5e8c8f', '7ed8379d-e149-4301-8775-95acabfb53ee', 'statement_import', false, '4e89a0a3-e9f0-406b-9ef4-a860b62478ac', 'stmt|9107|2026-05-26|13908.70||#077127', '2026-07-06 18:10:14.361226+00', '2026-07-06 18:10:14.361226+00', NULL, NULL, NULL),
	('e5100d3d-734d-4f1f-a177-6f020b1c0145', 'ccda33c3-edb9-4b60-952a-f9cce53ed293', 'expense', 10000.00, 'ARS', NULL, NULL, NULL, '2026-05-26', '2026-06-25', 'MERPAGO*MUNICIPALIDADDECO', NULL, '24327050-836f-4ae1-a156-5fb91a5e8c8f', '7ed8379d-e149-4301-8775-95acabfb53ee', 'statement_import', false, '4e89a0a3-e9f0-406b-9ef4-a860b62478ac', 'stmt|9107|2026-05-26|10000.00||#811373', '2026-07-06 18:10:14.361226+00', '2026-07-06 18:10:14.361226+00', NULL, NULL, NULL),
	('a7180d88-c7e5-49c0-b760-086025281f18', 'ccda33c3-edb9-4b60-952a-f9cce53ed293', 'expense', 40000.01, 'ARS', NULL, NULL, NULL, '2026-05-26', '2026-06-25', 'YPF URCA', '73a3b3cb-4256-4353-b570-330004cf6f16', '24327050-836f-4ae1-a156-5fb91a5e8c8f', '7ed8379d-e149-4301-8775-95acabfb53ee', 'statement_import', false, '4e89a0a3-e9f0-406b-9ef4-a860b62478ac', 'stmt|9107|2026-05-26|40000.01||#259617', '2026-07-06 18:10:14.361226+00', '2026-07-06 18:10:14.361226+00', NULL, NULL, NULL),
	('f8e8c693-35ed-46ce-9513-9b9874f274e0', 'ccda33c3-edb9-4b60-952a-f9cce53ed293', 'expense', 5693.30, 'ARS', NULL, NULL, NULL, '2026-05-26', '2026-06-25', 'HIPER CHANGOMAS CBA OE', '85a32e0e-aee2-46bf-b84a-80c1f0881153', '24327050-836f-4ae1-a156-5fb91a5e8c8f', '7ed8379d-e149-4301-8775-95acabfb53ee', 'statement_import', false, '4e89a0a3-e9f0-406b-9ef4-a860b62478ac', 'stmt|9107|2026-05-26|5693.30||#348728', '2026-07-06 18:10:14.361226+00', '2026-07-06 18:10:14.361226+00', NULL, NULL, NULL),
	('7ed56fd1-dd2e-4fd9-ac99-dd8c23d0a818', 'ccda33c3-edb9-4b60-952a-f9cce53ed293', 'expense', 1390.87, 'ARS', NULL, NULL, NULL, '2026-05-27', '2026-06-25', 'MERPAGO*JORGELAUTAROAGUIL', NULL, '24327050-836f-4ae1-a156-5fb91a5e8c8f', '7ed8379d-e149-4301-8775-95acabfb53ee', 'statement_import', false, '4e89a0a3-e9f0-406b-9ef4-a860b62478ac', 'stmt|9107|2026-05-27|1390.87||#221803', '2026-07-06 18:10:14.361226+00', '2026-07-06 18:10:14.361226+00', NULL, NULL, NULL),
	('2b8bb9cb-4752-43fb-a908-9055d4e0007e', 'ccda33c3-edb9-4b60-952a-f9cce53ed293', 'expense', 55000.00, 'ARS', NULL, NULL, NULL, '2026-05-27', '2026-06-25', 'HIPER CHANGOMAS CBA OE', '85a32e0e-aee2-46bf-b84a-80c1f0881153', '24327050-836f-4ae1-a156-5fb91a5e8c8f', '7ed8379d-e149-4301-8775-95acabfb53ee', 'statement_import', false, '4e89a0a3-e9f0-406b-9ef4-a860b62478ac', 'stmt|9107|2026-05-27|55000.00||#348081', '2026-07-06 18:10:14.361226+00', '2026-07-06 18:10:14.361226+00', NULL, NULL, NULL),
	('b40c990f-aa54-4595-881a-b2b30718f6e4', 'ccda33c3-edb9-4b60-952a-f9cce53ed293', 'expense', 12838.80, 'ARS', NULL, NULL, NULL, '2026-05-29', '2026-06-25', 'MERPAGO*EMILIAPECCHIO', NULL, '24327050-836f-4ae1-a156-5fb91a5e8c8f', '7ed8379d-e149-4301-8775-95acabfb53ee', 'statement_import', false, '4e89a0a3-e9f0-406b-9ef4-a860b62478ac', 'stmt|9107|2026-05-29|12838.80||#549919', '2026-07-06 18:10:14.361226+00', '2026-07-06 18:10:14.361226+00', NULL, NULL, NULL),
	('ddfdf1d4-092b-408b-a28b-adf0876eeb21', 'ccda33c3-edb9-4b60-952a-f9cce53ed293', 'expense', 21398.00, 'ARS', NULL, NULL, NULL, '2026-05-30', '2026-06-25', 'MERPAGO*NELIDATERESASOMOZ', NULL, '24327050-836f-4ae1-a156-5fb91a5e8c8f', '7ed8379d-e149-4301-8775-95acabfb53ee', 'statement_import', false, '4e89a0a3-e9f0-406b-9ef4-a860b62478ac', 'stmt|9107|2026-05-30|21398.00||#863168', '2026-07-06 18:10:14.361226+00', '2026-07-06 18:10:14.361226+00', NULL, NULL, NULL),
	('6366b63c-809c-441f-9a51-e34d30fa82b0', 'ccda33c3-edb9-4b60-952a-f9cce53ed293', 'expense', 20400.00, 'ARS', NULL, NULL, NULL, '2026-05-30', '2026-06-25', 'MERPAGO*CRESPOJORGE', NULL, '24327050-836f-4ae1-a156-5fb91a5e8c8f', '7ed8379d-e149-4301-8775-95acabfb53ee', 'statement_import', false, '4e89a0a3-e9f0-406b-9ef4-a860b62478ac', 'stmt|9107|2026-05-30|20400.00||#198903', '2026-07-06 18:10:14.361226+00', '2026-07-06 18:10:14.361226+00', NULL, NULL, NULL),
	('69976811-c3f6-46bf-a213-6b7e0604d296', 'ccda33c3-edb9-4b60-952a-f9cce53ed293', 'expense', 40000.00, 'ARS', NULL, NULL, NULL, '2026-05-30', '2026-06-25', 'ESSFE PLAYA', NULL, '24327050-836f-4ae1-a156-5fb91a5e8c8f', '7ed8379d-e149-4301-8775-95acabfb53ee', 'statement_import', false, '4e89a0a3-e9f0-406b-9ef4-a860b62478ac', 'stmt|9107|2026-05-30|40000.00||#793649', '2026-07-06 18:10:14.361226+00', '2026-07-06 18:10:14.361226+00', NULL, NULL, NULL),
	('6b7526f0-3a71-4907-abaa-f957937df5e2', 'ccda33c3-edb9-4b60-952a-f9cce53ed293', 'expense', 14794.95, 'ARS', NULL, NULL, NULL, '2026-05-31', '2026-06-25', 'MERPAGO*SANATORIOALLE', '4bb74a85-68b5-4e7f-b780-a5657b04bff6', '24327050-836f-4ae1-a156-5fb91a5e8c8f', '7ed8379d-e149-4301-8775-95acabfb53ee', 'statement_import', false, '4e89a0a3-e9f0-406b-9ef4-a860b62478ac', 'stmt|9107|2026-05-31|14794.95||#949857', '2026-07-06 18:10:14.361226+00', '2026-07-06 18:10:14.361226+00', NULL, NULL, NULL),
	('c929bba5-4f58-4561-bff5-3687d0931552', 'ccda33c3-edb9-4b60-952a-f9cce53ed293', 'expense', 20000.00, 'ARS', NULL, NULL, NULL, '2026-05-31', '2026-06-25', 'MERPAGO*SANATORIOALLE', '4bb74a85-68b5-4e7f-b780-a5657b04bff6', '24327050-836f-4ae1-a156-5fb91a5e8c8f', '7ed8379d-e149-4301-8775-95acabfb53ee', 'statement_import', false, '4e89a0a3-e9f0-406b-9ef4-a860b62478ac', 'stmt|9107|2026-05-31|20000.00||#630539', '2026-07-06 18:10:14.361226+00', '2026-07-06 18:10:14.361226+00', NULL, NULL, NULL),
	('56e671ef-bdc6-46f4-92aa-db9a8b43b2aa', 'ccda33c3-edb9-4b60-952a-f9cce53ed293', 'expense', 4000.00, 'ARS', NULL, NULL, NULL, '2026-05-31', '2026-06-25', 'MERPAGO*SANATORIOALLE', '4bb74a85-68b5-4e7f-b780-a5657b04bff6', '24327050-836f-4ae1-a156-5fb91a5e8c8f', '7ed8379d-e149-4301-8775-95acabfb53ee', 'statement_import', false, '4e89a0a3-e9f0-406b-9ef4-a860b62478ac', 'stmt|9107|2026-05-31|4000.00||#391355', '2026-07-06 18:10:14.361226+00', '2026-07-06 18:10:14.361226+00', NULL, NULL, NULL),
	('6d0c1173-666b-4524-9db9-01f123a54f37', 'ccda33c3-edb9-4b60-952a-f9cce53ed293', 'expense', 20000.00, 'ARS', NULL, NULL, NULL, '2026-05-31', '2026-06-25', 'MERPAGO*SANATORIOALLE', '4bb74a85-68b5-4e7f-b780-a5657b04bff6', '24327050-836f-4ae1-a156-5fb91a5e8c8f', '7ed8379d-e149-4301-8775-95acabfb53ee', 'statement_import', false, '4e89a0a3-e9f0-406b-9ef4-a860b62478ac', 'stmt|9107|2026-05-31|20000.00||#011053', '2026-07-06 18:10:14.361226+00', '2026-07-06 18:10:14.361226+00', NULL, NULL, NULL),
	('1ed628c3-9d2e-41c8-bea4-fdb3d898f6c9', 'ccda33c3-edb9-4b60-952a-f9cce53ed293', 'expense', 48350.00, 'ARS', NULL, NULL, NULL, '2026-05-31', '2026-06-25', 'PANICAFE', NULL, '24327050-836f-4ae1-a156-5fb91a5e8c8f', '7ed8379d-e149-4301-8775-95acabfb53ee', 'statement_import', false, '4e89a0a3-e9f0-406b-9ef4-a860b62478ac', 'stmt|9107|2026-05-31|48350.00||#330517', '2026-07-06 18:10:14.361226+00', '2026-07-06 18:10:14.361226+00', NULL, NULL, NULL),
	('b9b48c52-4e34-4a74-82df-6ea20251c95d', 'ccda33c3-edb9-4b60-952a-f9cce53ed293', 'expense', 32417.97, 'ARS', NULL, NULL, NULL, '2026-06-01', '2026-06-25', 'MERPAGO*MARIANODANIELLUNA', NULL, '24327050-836f-4ae1-a156-5fb91a5e8c8f', '7ed8379d-e149-4301-8775-95acabfb53ee', 'statement_import', false, '4e89a0a3-e9f0-406b-9ef4-a860b62478ac', 'stmt|9107|2026-06-01|32417.97||#312060', '2026-07-06 18:10:14.361226+00', '2026-07-06 18:10:14.361226+00', NULL, NULL, NULL),
	('c3881889-0b3a-46eb-8af6-601d3303b3e7', 'ccda33c3-edb9-4b60-952a-f9cce53ed293', 'expense', 2118.40, 'ARS', NULL, NULL, NULL, '2026-06-01', '2026-06-25', 'MERPAGO*PAOLAANDREASOSA', NULL, '24327050-836f-4ae1-a156-5fb91a5e8c8f', '7ed8379d-e149-4301-8775-95acabfb53ee', 'statement_import', false, '4e89a0a3-e9f0-406b-9ef4-a860b62478ac', 'stmt|9107|2026-06-01|2118.40||#310849', '2026-07-06 18:10:14.361226+00', '2026-07-06 18:10:14.361226+00', NULL, NULL, NULL),
	('504202f9-b2f2-459c-959e-421b66804567', 'ccda33c3-edb9-4b60-952a-f9cce53ed293', 'expense', 79511.20, 'ARS', NULL, NULL, NULL, '2026-06-01', '2026-06-25', 'MASONLINE', NULL, '24327050-836f-4ae1-a156-5fb91a5e8c8f', '7ed8379d-e149-4301-8775-95acabfb53ee', 'statement_import', false, '4e89a0a3-e9f0-406b-9ef4-a860b62478ac', 'stmt|9107|2026-06-01|79511.20||#493064', '2026-07-06 18:10:14.361226+00', '2026-07-06 18:10:14.361226+00', NULL, NULL, NULL),
	('fe9fcd8e-b3eb-49d0-9b4e-bd4bff1d602d', 'ccda33c3-edb9-4b60-952a-f9cce53ed293', 'expense', 12000.00, 'ARS', NULL, NULL, NULL, '2026-06-02', '2026-06-25', 'MERPAGO*ASOCIACIONTEC', NULL, '24327050-836f-4ae1-a156-5fb91a5e8c8f', '7ed8379d-e149-4301-8775-95acabfb53ee', 'statement_import', false, '4e89a0a3-e9f0-406b-9ef4-a860b62478ac', 'stmt|9107|2026-06-02|12000.00||#060313', '2026-07-06 18:10:14.361226+00', '2026-07-06 18:10:14.361226+00', NULL, NULL, NULL),
	('dace9ed8-b5c1-4bef-8c95-ca2f7317132a', 'ccda33c3-edb9-4b60-952a-f9cce53ed293', 'expense', 48797.75, 'ARS', NULL, NULL, NULL, '2026-06-03', '2026-06-25', 'CARREFOUR CBA COLON', '85a32e0e-aee2-46bf-b84a-80c1f0881153', '24327050-836f-4ae1-a156-5fb91a5e8c8f', '7ed8379d-e149-4301-8775-95acabfb53ee', 'statement_import', false, '4e89a0a3-e9f0-406b-9ef4-a860b62478ac', 'stmt|9107|2026-06-03|48797.75||#009540', '2026-07-06 18:10:14.361226+00', '2026-07-06 18:10:14.361226+00', NULL, NULL, NULL),
	('a0568202-8a17-4357-a37a-408ba9d77785', 'ccda33c3-edb9-4b60-952a-f9cce53ed293', 'expense', 40000.10, 'ARS', NULL, NULL, NULL, '2026-06-06', '2026-06-25', 'YPF URCA', '73a3b3cb-4256-4353-b570-330004cf6f16', '24327050-836f-4ae1-a156-5fb91a5e8c8f', '7ed8379d-e149-4301-8775-95acabfb53ee', 'statement_import', false, '4e89a0a3-e9f0-406b-9ef4-a860b62478ac', 'stmt|9107|2026-06-06|40000.10||#524723', '2026-07-06 18:10:14.361226+00', '2026-07-06 18:10:14.361226+00', NULL, NULL, NULL),
	('3641a832-4e24-43c0-bebd-cf41a7af5c67', 'ccda33c3-edb9-4b60-952a-f9cce53ed293', 'expense', 6930.00, 'ARS', NULL, NULL, NULL, '2026-06-06', '2026-06-25', 'ALMACEN DE TOMAS', NULL, '24327050-836f-4ae1-a156-5fb91a5e8c8f', '7ed8379d-e149-4301-8775-95acabfb53ee', 'statement_import', false, '4e89a0a3-e9f0-406b-9ef4-a860b62478ac', 'stmt|9107|2026-06-06|6930.00||#119010', '2026-07-06 18:10:14.361226+00', '2026-07-06 18:10:14.361226+00', NULL, NULL, NULL),
	('eeccf2fb-9f22-4642-a47b-adc773525909', 'ccda33c3-edb9-4b60-952a-f9cce53ed293', 'expense', 3000.00, 'ARS', NULL, NULL, NULL, '2026-06-06', '2026-06-25', 'CAMINOS DE LAS SIERRAS S', NULL, '24327050-836f-4ae1-a156-5fb91a5e8c8f', '7ed8379d-e149-4301-8775-95acabfb53ee', 'statement_import', false, '4e89a0a3-e9f0-406b-9ef4-a860b62478ac', 'stmt|9107|2026-06-06|3000.00||#000136', '2026-07-06 18:10:14.361226+00', '2026-07-06 18:10:14.361226+00', NULL, NULL, NULL),
	('6d5cdca1-bf0f-4005-86ef-1cb81b68ac46', 'ccda33c3-edb9-4b60-952a-f9cce53ed293', 'expense', 3000.00, 'ARS', NULL, NULL, NULL, '2026-06-06', '2026-06-25', 'CAMINOS DE LAS SIERRAS S', NULL, '24327050-836f-4ae1-a156-5fb91a5e8c8f', '7ed8379d-e149-4301-8775-95acabfb53ee', 'statement_import', false, '4e89a0a3-e9f0-406b-9ef4-a860b62478ac', 'stmt|9107|2026-06-06|3000.00||#000140', '2026-07-06 18:10:14.361226+00', '2026-07-06 18:10:14.361226+00', NULL, NULL, NULL),
	('44fe8252-fb97-46be-ba39-51c65527b898', 'ccda33c3-edb9-4b60-952a-f9cce53ed293', 'expense', 5349.50, 'ARS', NULL, NULL, NULL, '2026-06-07', '2026-06-25', 'MERPAGO*LUCCAPOLICASTRO', NULL, '24327050-836f-4ae1-a156-5fb91a5e8c8f', '7ed8379d-e149-4301-8775-95acabfb53ee', 'statement_import', false, '4e89a0a3-e9f0-406b-9ef4-a860b62478ac', 'stmt|9107|2026-06-07|5349.50||#987809', '2026-07-06 18:10:14.361226+00', '2026-07-06 18:10:14.361226+00', NULL, NULL, NULL),
	('d37c1289-c629-48c5-b44d-40708e563fb9', 'ccda33c3-edb9-4b60-952a-f9cce53ed293', 'expense', 9629.10, 'ARS', NULL, NULL, NULL, '2026-06-07', '2026-06-25', 'MERPAGO*JOSEIGNACIOGARCIA', NULL, '24327050-836f-4ae1-a156-5fb91a5e8c8f', '7ed8379d-e149-4301-8775-95acabfb53ee', 'statement_import', false, '4e89a0a3-e9f0-406b-9ef4-a860b62478ac', 'stmt|9107|2026-06-07|9629.10||#056794', '2026-07-06 18:10:14.361226+00', '2026-07-06 18:10:14.361226+00', NULL, NULL, NULL),
	('dacada39-ce44-4bb4-904b-ad2e7e52df81', 'ccda33c3-edb9-4b60-952a-f9cce53ed293', 'expense', 1.99, 'ARS', NULL, NULL, NULL, '2026-06-07', '2026-06-25', 'GOOGLE *Google O P1lMYElZ USD', NULL, '24327050-836f-4ae1-a156-5fb91a5e8c8f', '7ed8379d-e149-4301-8775-95acabfb53ee', 'statement_import', false, '4e89a0a3-e9f0-406b-9ef4-a860b62478ac', 'stmt|9107|2026-06-07|1.99||#978678', '2026-07-06 18:10:14.361226+00', '2026-07-06 18:10:14.361226+00', NULL, NULL, NULL),
	('30ab1ba3-f152-427f-b3d9-da94efa5211d', 'ccda33c3-edb9-4b60-952a-f9cce53ed293', 'expense', 15374.46, 'ARS', NULL, NULL, NULL, '2026-06-10', '2026-06-25', 'MERPAGO*PAULAANTONELLANUN', NULL, '24327050-836f-4ae1-a156-5fb91a5e8c8f', '7ed8379d-e149-4301-8775-95acabfb53ee', 'statement_import', false, '4e89a0a3-e9f0-406b-9ef4-a860b62478ac', 'stmt|9107|2026-06-10|15374.46||#760616', '2026-07-06 18:10:14.361226+00', '2026-07-06 18:10:14.361226+00', NULL, NULL, NULL),
	('57f01d69-a3fb-403c-a17a-2a7eece8a1ca', 'ccda33c3-edb9-4b60-952a-f9cce53ed293', 'expense', 26132.94, 'ARS', NULL, NULL, NULL, '2026-06-10', '2026-06-25', 'HIPER CHANGOMAS CBA OE', '85a32e0e-aee2-46bf-b84a-80c1f0881153', '24327050-836f-4ae1-a156-5fb91a5e8c8f', '7ed8379d-e149-4301-8775-95acabfb53ee', 'statement_import', false, '4e89a0a3-e9f0-406b-9ef4-a860b62478ac', 'stmt|9107|2026-06-10|26132.94||#361556', '2026-07-06 18:10:14.361226+00', '2026-07-06 18:10:14.361226+00', NULL, NULL, NULL),
	('ab10630c-f2e4-47ba-9db7-98afdc4b27f7', 'ccda33c3-edb9-4b60-952a-f9cce53ed293', 'expense', 40000.03, 'ARS', NULL, NULL, NULL, '2026-06-10', '2026-06-25', 'GUISI SA', NULL, '24327050-836f-4ae1-a156-5fb91a5e8c8f', '7ed8379d-e149-4301-8775-95acabfb53ee', 'statement_import', false, '4e89a0a3-e9f0-406b-9ef4-a860b62478ac', 'stmt|9107|2026-06-10|40000.03||#007968', '2026-07-06 18:10:14.361226+00', '2026-07-06 18:10:14.361226+00', NULL, NULL, NULL),
	('f336f68a-0dc6-497b-8b31-b207f0d4b675', 'ccda33c3-edb9-4b60-952a-f9cce53ed293', 'expense', 1000.00, 'ARS', NULL, NULL, NULL, '2026-06-11', '2026-06-25', 'MERPAGO*CANTINAUTN', '1f0a43ae-3296-461b-9924-fbddf4927bcd', '24327050-836f-4ae1-a156-5fb91a5e8c8f', '7ed8379d-e149-4301-8775-95acabfb53ee', 'statement_import', false, '4e89a0a3-e9f0-406b-9ef4-a860b62478ac', 'stmt|9107|2026-06-11|1000.00||#694535', '2026-07-06 18:10:14.361226+00', '2026-07-06 18:10:14.361226+00', NULL, NULL, NULL),
	('5b58c046-8246-4b29-a4fa-0eca07c83531', 'ccda33c3-edb9-4b60-952a-f9cce53ed293', 'expense', 2300.00, 'ARS', NULL, NULL, NULL, '2026-06-11', '2026-06-25', 'SHITO', NULL, '24327050-836f-4ae1-a156-5fb91a5e8c8f', '7ed8379d-e149-4301-8775-95acabfb53ee', 'statement_import', false, '4e89a0a3-e9f0-406b-9ef4-a860b62478ac', 'stmt|9107|2026-06-11|2300.00||#001812', '2026-07-06 18:10:14.361226+00', '2026-07-06 18:10:14.361226+00', NULL, NULL, NULL),
	('0f9ef8ab-0b17-4640-af86-f96651a10f46', 'ccda33c3-edb9-4b60-952a-f9cce53ed293', 'expense', 8413.47, 'ARS', NULL, NULL, NULL, '2026-06-14', '2026-06-25', 'SPOTIFY', 'f780ee38-c81c-4f63-8144-e372755d990f', '24327050-836f-4ae1-a156-5fb91a5e8c8f', '7ed8379d-e149-4301-8775-95acabfb53ee', 'statement_import', false, '4e89a0a3-e9f0-406b-9ef4-a860b62478ac', 'stmt|9107|2026-06-14|8413.47||#773354', '2026-07-06 18:10:14.361226+00', '2026-07-06 18:10:14.361226+00', NULL, NULL, NULL),
	('b3e6d188-b383-4c35-8672-25c0b6f8f31f', 'ccda33c3-edb9-4b60-952a-f9cce53ed293', 'expense', 10600.00, 'ARS', NULL, NULL, NULL, '2026-06-14', '2026-06-25', 'PUGLIESE RIO BAMBA', NULL, '24327050-836f-4ae1-a156-5fb91a5e8c8f', '7ed8379d-e149-4301-8775-95acabfb53ee', 'statement_import', false, '4e89a0a3-e9f0-406b-9ef4-a860b62478ac', 'stmt|9107|2026-06-14|10600.00||#039028', '2026-07-06 18:10:14.361226+00', '2026-07-06 18:10:14.361226+00', NULL, NULL, NULL),
	('70f26d6c-09e2-46dc-83fb-ae4a15a9bb1f', 'ccda33c3-edb9-4b60-952a-f9cce53ed293', 'expense', 30939.00, 'ARS', NULL, NULL, NULL, '2026-06-14', '2026-06-25', 'DLO*PEDIDOSYA LOMITOS', '1f0a43ae-3296-461b-9924-fbddf4927bcd', '24327050-836f-4ae1-a156-5fb91a5e8c8f', '7ed8379d-e149-4301-8775-95acabfb53ee', 'statement_import', false, '4e89a0a3-e9f0-406b-9ef4-a860b62478ac', 'stmt|9107|2026-06-14|30939.00||#003424', '2026-07-06 18:10:14.361226+00', '2026-07-06 18:10:14.361226+00', NULL, NULL, NULL),
	('9ff45df2-a646-4117-a136-2ce5d8772f91', 'ccda33c3-edb9-4b60-952a-f9cce53ed293', 'expense', 8559.20, 'ARS', NULL, NULL, NULL, '2026-06-15', '2026-06-25', 'MERPAGO*MONICAEDITHZARATE', NULL, '24327050-836f-4ae1-a156-5fb91a5e8c8f', '7ed8379d-e149-4301-8775-95acabfb53ee', 'statement_import', false, '4e89a0a3-e9f0-406b-9ef4-a860b62478ac', 'stmt|9107|2026-06-15|8559.20||#135260', '2026-07-06 18:10:14.361226+00', '2026-07-06 18:10:14.361226+00', NULL, NULL, NULL),
	('06cc2f03-e668-4c21-94e2-2d6fdf2a48a1', 'ccda33c3-edb9-4b60-952a-f9cce53ed293', 'expense', 13908.70, 'ARS', NULL, NULL, NULL, '2026-06-15', '2026-06-25', 'MERPAGO*AGATAPUIG', NULL, '24327050-836f-4ae1-a156-5fb91a5e8c8f', '7ed8379d-e149-4301-8775-95acabfb53ee', 'statement_import', false, '4e89a0a3-e9f0-406b-9ef4-a860b62478ac', 'stmt|9107|2026-06-15|13908.70||#756953', '2026-07-06 18:10:14.361226+00', '2026-07-06 18:10:14.361226+00', NULL, NULL, NULL),
	('2d70c976-c6ab-4352-bee4-412f05ca2dc5', 'ccda33c3-edb9-4b60-952a-f9cce53ed293', 'expense', 7729.00, 'ARS', NULL, NULL, NULL, '2026-06-15', '2026-06-25', 'PAYU*AR*UBER', '73a3b3cb-4256-4353-b570-330004cf6f16', '24327050-836f-4ae1-a156-5fb91a5e8c8f', '7ed8379d-e149-4301-8775-95acabfb53ee', 'statement_import', false, '4e89a0a3-e9f0-406b-9ef4-a860b62478ac', 'stmt|9107|2026-06-15|7729.00||#007061', '2026-07-06 18:10:14.361226+00', '2026-07-06 18:10:14.361226+00', NULL, NULL, NULL),
	('49905e5c-ebdf-478c-b955-17ad7dad0128', 'ccda33c3-edb9-4b60-952a-f9cce53ed293', 'expense', 47675.70, 'ARS', NULL, NULL, NULL, '2026-06-16', '2026-06-25', 'HIPER CHANGOMAS CBA OE', '85a32e0e-aee2-46bf-b84a-80c1f0881153', '24327050-836f-4ae1-a156-5fb91a5e8c8f', '7ed8379d-e149-4301-8775-95acabfb53ee', 'statement_import', false, '4e89a0a3-e9f0-406b-9ef4-a860b62478ac', 'stmt|9107|2026-06-16|47675.70||#346639', '2026-07-06 18:10:14.361226+00', '2026-07-06 18:10:14.361226+00', NULL, NULL, NULL),
	('66c1bd3a-e9a2-4e95-9780-0e94da241e36', 'ccda33c3-edb9-4b60-952a-f9cce53ed293', 'expense', 40000.00, 'ARS', NULL, NULL, NULL, '2026-06-16', '2026-06-25', 'SHELL TROPEZON', '73a3b3cb-4256-4353-b570-330004cf6f16', '24327050-836f-4ae1-a156-5fb91a5e8c8f', '7ed8379d-e149-4301-8775-95acabfb53ee', 'statement_import', false, '4e89a0a3-e9f0-406b-9ef4-a860b62478ac', 'stmt|9107|2026-06-16|40000.00||#408655', '2026-07-06 18:10:14.361226+00', '2026-07-06 18:10:14.361226+00', NULL, NULL, NULL),
	('8324857b-1751-4904-8161-5d8e43d4d1b8', 'ccda33c3-edb9-4b60-952a-f9cce53ed293', 'expense', 5349.50, 'ARS', NULL, NULL, NULL, '2026-06-17', '2026-06-25', 'MERPAGO*PAULAANTONELLANUN', NULL, '24327050-836f-4ae1-a156-5fb91a5e8c8f', '7ed8379d-e149-4301-8775-95acabfb53ee', 'statement_import', false, '4e89a0a3-e9f0-406b-9ef4-a860b62478ac', 'stmt|9107|2026-06-17|5349.50||#635191', '2026-07-06 18:10:14.361226+00', '2026-07-06 18:10:14.361226+00', NULL, NULL, NULL),
	('dec5e222-9bc9-4bc7-a13b-62fd83fd2637', 'ccda33c3-edb9-4b60-952a-f9cce53ed293', 'expense', 21932.95, 'ARS', NULL, NULL, NULL, '2026-06-17', '2026-06-25', 'MERPAGO*CRISTIANJOSEGIGEN', NULL, '24327050-836f-4ae1-a156-5fb91a5e8c8f', '7ed8379d-e149-4301-8775-95acabfb53ee', 'statement_import', false, '4e89a0a3-e9f0-406b-9ef4-a860b62478ac', 'stmt|9107|2026-06-17|21932.95||#097331', '2026-07-06 18:10:14.361226+00', '2026-07-06 18:10:14.361226+00', NULL, NULL, NULL),
	('e5e00f6a-b601-40e0-ac68-56693e9607a2', 'ccda33c3-edb9-4b60-952a-f9cce53ed293', 'expense', 5000.00, 'ARS', NULL, NULL, NULL, '2026-06-18', '2026-06-25', 'MERPAGO*MUNICIPALIDADDECO', NULL, '24327050-836f-4ae1-a156-5fb91a5e8c8f', '7ed8379d-e149-4301-8775-95acabfb53ee', 'statement_import', false, '4e89a0a3-e9f0-406b-9ef4-a860b62478ac', 'stmt|9107|2026-06-18|5000.00||#512779', '2026-07-06 18:10:14.361226+00', '2026-07-06 18:10:14.361226+00', NULL, NULL, NULL),
	('03ee4692-622c-45fd-b1b5-b3d33e0f92c9', 'ccda33c3-edb9-4b60-952a-f9cce53ed293', 'expense', 4707.56, 'ARS', NULL, NULL, NULL, '2026-06-20', '2026-06-25', 'MERPAGO*ZAIDAYSABELBERMUD', 'f780ee38-c81c-4f63-8144-e372755d990f', '24327050-836f-4ae1-a156-5fb91a5e8c8f', '7ed8379d-e149-4301-8775-95acabfb53ee', 'statement_import', false, '4e89a0a3-e9f0-406b-9ef4-a860b62478ac', 'stmt|9107|2026-06-20|4707.56||#179858', '2026-07-06 18:10:14.361226+00', '2026-07-06 18:10:14.361226+00', NULL, NULL, NULL),
	('f7011700-6ac2-4c05-a630-cf807e78a94d', 'ccda33c3-edb9-4b60-952a-f9cce53ed293', 'expense', 6600.00, 'ARS', NULL, NULL, NULL, '2026-06-20', '2026-06-25', 'MERPAGO*LATASCA', NULL, '24327050-836f-4ae1-a156-5fb91a5e8c8f', '7ed8379d-e149-4301-8775-95acabfb53ee', 'statement_import', false, '4e89a0a3-e9f0-406b-9ef4-a860b62478ac', 'stmt|9107|2026-06-20|6600.00||#739751', '2026-07-06 18:10:14.361226+00', '2026-07-06 18:10:14.361226+00', NULL, NULL, NULL),
	('cbe70f59-6326-4ed0-8b77-3799a710bb83', 'ccda33c3-edb9-4b60-952a-f9cce53ed293', 'expense', 44000.00, 'ARS', NULL, NULL, NULL, '2026-06-20', '2026-06-25', 'LOMITOS 348 SA', NULL, '24327050-836f-4ae1-a156-5fb91a5e8c8f', '7ed8379d-e149-4301-8775-95acabfb53ee', 'statement_import', false, '4e89a0a3-e9f0-406b-9ef4-a860b62478ac', 'stmt|9107|2026-06-20|44000.00||#009776', '2026-07-06 18:10:14.361226+00', '2026-07-06 18:10:14.361226+00', NULL, NULL, NULL),
	('567fa75e-be8d-405d-95d6-396d3fce60e8', 'ccda33c3-edb9-4b60-952a-f9cce53ed293', 'expense', 44000.00, 'ARS', NULL, NULL, NULL, '2026-06-20', '2026-06-25', 'LOMITOS 348 SA', NULL, '24327050-836f-4ae1-a156-5fb91a5e8c8f', '7ed8379d-e149-4301-8775-95acabfb53ee', 'statement_import', false, '4e89a0a3-e9f0-406b-9ef4-a860b62478ac', 'stmt|9107|2026-06-20|44000.00||#009775', '2026-07-06 18:10:14.361226+00', '2026-07-06 18:10:14.361226+00', NULL, NULL, NULL),
	('7bf9e977-9a22-4b75-ae62-39eb1996d9c7', 'ccda33c3-edb9-4b60-952a-f9cce53ed293', 'expense', 39999.94, 'ARS', NULL, NULL, NULL, '2026-06-20', '2026-06-25', 'GUISI SA', NULL, '24327050-836f-4ae1-a156-5fb91a5e8c8f', '7ed8379d-e149-4301-8775-95acabfb53ee', 'statement_import', false, '4e89a0a3-e9f0-406b-9ef4-a860b62478ac', 'stmt|9107|2026-06-20|39999.94||#008402', '2026-07-06 18:10:14.361226+00', '2026-07-06 18:10:14.361226+00', NULL, NULL, NULL),
	('5db3e7fe-2878-430c-9a5c-f5dfcb0e5cf3', 'ccda33c3-edb9-4b60-952a-f9cce53ed293', 'expense', 5000.00, 'ARS', NULL, NULL, NULL, '2026-06-23', '2026-06-25', 'MERPAGO*MUNICIPALIDADDECO', NULL, '24327050-836f-4ae1-a156-5fb91a5e8c8f', '7ed8379d-e149-4301-8775-95acabfb53ee', 'statement_import', false, '4e89a0a3-e9f0-406b-9ef4-a860b62478ac', 'stmt|9107|2026-06-23|5000.00||#262041', '2026-07-06 18:10:14.361226+00', '2026-07-06 18:10:14.361226+00', NULL, NULL, NULL),
	('4db24d1e-91ce-4cec-bfe4-c17614756fa0', 'ccda33c3-edb9-4b60-952a-f9cce53ed293', 'expense', 40000.00, 'ARS', NULL, NULL, NULL, '2026-06-24', '2026-06-25', 'YPF URCA', '73a3b3cb-4256-4353-b570-330004cf6f16', '24327050-836f-4ae1-a156-5fb91a5e8c8f', '7ed8379d-e149-4301-8775-95acabfb53ee', 'statement_import', false, '4e89a0a3-e9f0-406b-9ef4-a860b62478ac', 'stmt|9107|2026-06-24|40000.00||#252883', '2026-07-06 18:10:14.361226+00', '2026-07-06 18:10:14.361226+00', NULL, NULL, NULL),
	('71428501-ef44-4568-bbb0-c7c8e30674d6', 'ccda33c3-edb9-4b60-952a-f9cce53ed293', 'expense', 13088.97, 'ARS', NULL, NULL, NULL, '2026-04-10', '2026-06-25', 'MERPAGO*AGATAPUIG C.03/06', NULL, '89066a26-e2a9-4431-892d-554b09806eab', '7ed8379d-e149-4301-8775-95acabfb53ee', 'statement_import', false, '4e89a0a3-e9f0-406b-9ef4-a860b62478ac', 'stmt|2507|2026-04-10|13088.97||#062032', '2026-07-06 18:10:14.361226+00', '2026-07-06 18:10:14.361226+00', NULL, NULL, NULL),
	('0caa2418-97a6-42db-9cb9-5db052fb4815', 'ccda33c3-edb9-4b60-952a-f9cce53ed293', 'expense', 7246.00, 'ARS', NULL, NULL, NULL, '2026-05-22', '2026-06-25', 'PAYU*AR*UBER', '73a3b3cb-4256-4353-b570-330004cf6f16', '89066a26-e2a9-4431-892d-554b09806eab', '7ed8379d-e149-4301-8775-95acabfb53ee', 'statement_import', false, '4e89a0a3-e9f0-406b-9ef4-a860b62478ac', 'stmt|2507|2026-05-22|7246.00||#007449', '2026-07-06 18:10:14.361226+00', '2026-07-06 18:10:14.361226+00', NULL, NULL, NULL),
	('5aa9fc65-e1bb-42ef-b9b7-8cbd244fe54c', 'ccda33c3-edb9-4b60-952a-f9cce53ed293', 'expense', 5399.00, 'ARS', NULL, NULL, NULL, '2026-05-24', '2026-06-25', 'PAYU*AR*UBER', '73a3b3cb-4256-4353-b570-330004cf6f16', '89066a26-e2a9-4431-892d-554b09806eab', '7ed8379d-e149-4301-8775-95acabfb53ee', 'statement_import', false, '4e89a0a3-e9f0-406b-9ef4-a860b62478ac', 'stmt|2507|2026-05-24|5399.00||#001854', '2026-07-06 18:10:14.361226+00', '2026-07-06 18:10:14.361226+00', NULL, NULL, NULL),
	('edfe6b7c-2946-4e67-8020-51e58f3517e6', 'ccda33c3-edb9-4b60-952a-f9cce53ed293', 'expense', 229485.26, 'ARS', NULL, NULL, NULL, '2026-05-26', '2026-06-25', 'SANCOR COOP SE0000030833660-020-000', NULL, '89066a26-e2a9-4431-892d-554b09806eab', '7ed8379d-e149-4301-8775-95acabfb53ee', 'statement_import', false, '4e89a0a3-e9f0-406b-9ef4-a860b62478ac', 'stmt|2507|2026-05-26|229485.26||#008897', '2026-07-06 18:10:14.361226+00', '2026-07-06 18:10:14.361226+00', NULL, NULL, NULL),
	('5cac5238-7b41-4887-a75f-414fce5e6822', 'ccda33c3-edb9-4b60-952a-f9cce53ed293', 'expense', 3871.00, 'ARS', NULL, NULL, NULL, '2026-05-27', '2026-06-25', 'PAYU*AR*UBER', '73a3b3cb-4256-4353-b570-330004cf6f16', '89066a26-e2a9-4431-892d-554b09806eab', '7ed8379d-e149-4301-8775-95acabfb53ee', 'statement_import', false, '4e89a0a3-e9f0-406b-9ef4-a860b62478ac', 'stmt|2507|2026-05-27|3871.00||#008814', '2026-07-06 18:10:14.361226+00', '2026-07-06 18:10:14.361226+00', NULL, NULL, NULL),
	('26253ab6-7f3c-4ab0-89b2-a4ec8f464d80', 'ccda33c3-edb9-4b60-952a-f9cce53ed293', 'expense', 4661.00, 'ARS', NULL, NULL, NULL, '2026-05-28', '2026-06-25', 'PAYU*AR*UBER', '73a3b3cb-4256-4353-b570-330004cf6f16', '89066a26-e2a9-4431-892d-554b09806eab', '7ed8379d-e149-4301-8775-95acabfb53ee', 'statement_import', false, '4e89a0a3-e9f0-406b-9ef4-a860b62478ac', 'stmt|2507|2026-05-28|4661.00||#006944', '2026-07-06 18:10:14.361226+00', '2026-07-06 18:10:14.361226+00', NULL, NULL, NULL),
	('8e2c2975-47a9-45fa-b308-99d1bc5d2c7c', 'ccda33c3-edb9-4b60-952a-f9cce53ed293', 'expense', 6065.00, 'ARS', NULL, NULL, NULL, '2026-05-29', '2026-06-25', 'PAYU*AR*UBER', '73a3b3cb-4256-4353-b570-330004cf6f16', '89066a26-e2a9-4431-892d-554b09806eab', '7ed8379d-e149-4301-8775-95acabfb53ee', 'statement_import', false, '4e89a0a3-e9f0-406b-9ef4-a860b62478ac', 'stmt|2507|2026-05-29|6065.00||#003503', '2026-07-06 18:10:14.361226+00', '2026-07-06 18:10:14.361226+00', NULL, NULL, NULL),
	('8656b71d-98c2-47f8-94ec-5f0e9a98279c', 'ccda33c3-edb9-4b60-952a-f9cce53ed293', 'expense', 6381.00, 'ARS', NULL, NULL, NULL, '2026-05-31', '2026-06-25', 'PAYU*AR*UBER', '73a3b3cb-4256-4353-b570-330004cf6f16', '89066a26-e2a9-4431-892d-554b09806eab', '7ed8379d-e149-4301-8775-95acabfb53ee', 'statement_import', false, '4e89a0a3-e9f0-406b-9ef4-a860b62478ac', 'stmt|2507|2026-05-31|6381.00||#004699', '2026-07-06 18:10:14.361226+00', '2026-07-06 18:10:14.361226+00', NULL, NULL, NULL),
	('39d762c4-a379-4da0-89cb-3294133d00cc', 'ccda33c3-edb9-4b60-952a-f9cce53ed293', 'expense', 2814.00, 'ARS', NULL, NULL, NULL, '2026-05-31', '2026-06-25', 'PAYU*AR*UBER', '73a3b3cb-4256-4353-b570-330004cf6f16', '89066a26-e2a9-4431-892d-554b09806eab', '7ed8379d-e149-4301-8775-95acabfb53ee', 'statement_import', false, '4e89a0a3-e9f0-406b-9ef4-a860b62478ac', 'stmt|2507|2026-05-31|2814.00||#008867', '2026-07-06 18:10:14.361226+00', '2026-07-06 18:10:14.361226+00', NULL, NULL, NULL),
	('e910d7a4-25eb-4c00-90eb-ce78f150ed40', 'ccda33c3-edb9-4b60-952a-f9cce53ed293', 'expense', 3834.00, 'ARS', NULL, NULL, NULL, '2026-05-31', '2026-06-25', 'DLO*PEDIDOSYA PLUS', '1f0a43ae-3296-461b-9924-fbddf4927bcd', '89066a26-e2a9-4431-892d-554b09806eab', '7ed8379d-e149-4301-8775-95acabfb53ee', 'statement_import', false, '4e89a0a3-e9f0-406b-9ef4-a860b62478ac', 'stmt|2507|2026-05-31|3834.00||#002533', '2026-07-06 18:10:14.361226+00', '2026-07-06 18:10:14.361226+00', NULL, NULL, NULL),
	('9775f098-f1c7-40fb-bb75-b55f45ce16d0', 'ccda33c3-edb9-4b60-952a-f9cce53ed293', 'expense', 4852.00, 'ARS', NULL, NULL, NULL, '2026-06-02', '2026-06-25', 'PAYU*AR*UBER', '73a3b3cb-4256-4353-b570-330004cf6f16', '89066a26-e2a9-4431-892d-554b09806eab', '7ed8379d-e149-4301-8775-95acabfb53ee', 'statement_import', false, '4e89a0a3-e9f0-406b-9ef4-a860b62478ac', 'stmt|2507|2026-06-02|4852.00||#002038', '2026-07-06 18:10:14.361226+00', '2026-07-06 18:10:14.361226+00', NULL, NULL, NULL),
	('e0f2d0a5-70d8-4f73-b54c-dec278307d60', 'ccda33c3-edb9-4b60-952a-f9cce53ed293', 'expense', 4901.00, 'ARS', NULL, NULL, NULL, '2026-06-02', '2026-06-25', 'PAYU*AR*UBER', '73a3b3cb-4256-4353-b570-330004cf6f16', '89066a26-e2a9-4431-892d-554b09806eab', '7ed8379d-e149-4301-8775-95acabfb53ee', 'statement_import', false, '4e89a0a3-e9f0-406b-9ef4-a860b62478ac', 'stmt|2507|2026-06-02|4901.00||#005195', '2026-07-06 18:10:14.361226+00', '2026-07-06 18:10:14.361226+00', NULL, NULL, NULL),
	('8381b058-3381-48f7-80c0-d68ab78d25ac', 'ccda33c3-edb9-4b60-952a-f9cce53ed293', 'expense', 6022.00, 'ARS', NULL, NULL, NULL, '2026-06-04', '2026-06-25', 'PAYU*AR*UBER', '73a3b3cb-4256-4353-b570-330004cf6f16', '89066a26-e2a9-4431-892d-554b09806eab', '7ed8379d-e149-4301-8775-95acabfb53ee', 'statement_import', false, '4e89a0a3-e9f0-406b-9ef4-a860b62478ac', 'stmt|2507|2026-06-04|6022.00||#001942', '2026-07-06 18:10:14.361226+00', '2026-07-06 18:10:14.361226+00', NULL, NULL, NULL),
	('1a8048c0-bef9-4a97-a88a-12620de8dd9a', 'ccda33c3-edb9-4b60-952a-f9cce53ed293', 'expense', 3775.00, 'ARS', NULL, NULL, NULL, '2026-06-04', '2026-06-25', 'PAYU*AR*UBER', '73a3b3cb-4256-4353-b570-330004cf6f16', '89066a26-e2a9-4431-892d-554b09806eab', '7ed8379d-e149-4301-8775-95acabfb53ee', 'statement_import', false, '4e89a0a3-e9f0-406b-9ef4-a860b62478ac', 'stmt|2507|2026-06-04|3775.00||#004896', '2026-07-06 18:10:14.361226+00', '2026-07-06 18:10:14.361226+00', NULL, NULL, NULL),
	('191f4cb4-5066-4152-9a7f-0b117f1b7676', 'ccda33c3-edb9-4b60-952a-f9cce53ed293', 'expense', 7608.00, 'ARS', NULL, NULL, NULL, '2026-06-04', '2026-06-25', 'PAYU*AR*UBER', '73a3b3cb-4256-4353-b570-330004cf6f16', '89066a26-e2a9-4431-892d-554b09806eab', '7ed8379d-e149-4301-8775-95acabfb53ee', 'statement_import', false, '4e89a0a3-e9f0-406b-9ef4-a860b62478ac', 'stmt|2507|2026-06-04|7608.00||#006541', '2026-07-06 18:10:14.361226+00', '2026-07-06 18:10:14.361226+00', NULL, NULL, NULL),
	('5154ba0a-aaba-447a-893a-496bcca294d2', 'ccda33c3-edb9-4b60-952a-f9cce53ed293', 'expense', 9939.00, 'ARS', NULL, NULL, NULL, '2026-06-07', '2026-06-25', 'PAYU*AR*UBER', '73a3b3cb-4256-4353-b570-330004cf6f16', '89066a26-e2a9-4431-892d-554b09806eab', '7ed8379d-e149-4301-8775-95acabfb53ee', 'statement_import', false, '4e89a0a3-e9f0-406b-9ef4-a860b62478ac', 'stmt|2507|2026-06-07|9939.00||#007301', '2026-07-06 18:10:14.361226+00', '2026-07-06 18:10:14.361226+00', NULL, NULL, NULL),
	('e577006d-69c5-49a6-b4a3-c69f4c31d5cc', 'ccda33c3-edb9-4b60-952a-f9cce53ed293', 'expense', 9568.00, 'ARS', NULL, NULL, NULL, '2026-06-07', '2026-06-25', 'PAYU*AR*UBER', '73a3b3cb-4256-4353-b570-330004cf6f16', '89066a26-e2a9-4431-892d-554b09806eab', '7ed8379d-e149-4301-8775-95acabfb53ee', 'statement_import', false, '4e89a0a3-e9f0-406b-9ef4-a860b62478ac', 'stmt|2507|2026-06-07|9568.00||#005435', '2026-07-06 18:10:14.361226+00', '2026-07-06 18:10:14.361226+00', NULL, NULL, NULL),
	('2ace29ae-45c8-4810-bdcf-d344cff2b06e', 'ccda33c3-edb9-4b60-952a-f9cce53ed293', 'expense', 8101.00, 'ARS', NULL, NULL, NULL, '2026-06-08', '2026-06-25', 'PAYU*AR*UBER', '73a3b3cb-4256-4353-b570-330004cf6f16', '89066a26-e2a9-4431-892d-554b09806eab', '7ed8379d-e149-4301-8775-95acabfb53ee', 'statement_import', false, '4e89a0a3-e9f0-406b-9ef4-a860b62478ac', 'stmt|2507|2026-06-08|8101.00||#000635', '2026-07-06 18:10:14.361226+00', '2026-07-06 18:10:14.361226+00', NULL, NULL, NULL),
	('dd5094cf-8ae5-4418-ad5b-570b66f4a37b', 'ccda33c3-edb9-4b60-952a-f9cce53ed293', 'expense', 4785.00, 'ARS', NULL, NULL, NULL, '2026-06-10', '2026-06-25', 'PAYU*AR*UBER', '73a3b3cb-4256-4353-b570-330004cf6f16', '89066a26-e2a9-4431-892d-554b09806eab', '7ed8379d-e149-4301-8775-95acabfb53ee', 'statement_import', false, '4e89a0a3-e9f0-406b-9ef4-a860b62478ac', 'stmt|2507|2026-06-10|4785.00||#005241', '2026-07-06 18:10:14.361226+00', '2026-07-06 18:10:14.361226+00', NULL, NULL, NULL),
	('b759f89d-d61d-43ba-87b3-ffafd46cd0fd', 'ccda33c3-edb9-4b60-952a-f9cce53ed293', 'expense', 8724.00, 'ARS', NULL, NULL, NULL, '2026-06-12', '2026-06-25', 'PAYU*AR*UBER', '73a3b3cb-4256-4353-b570-330004cf6f16', '89066a26-e2a9-4431-892d-554b09806eab', '7ed8379d-e149-4301-8775-95acabfb53ee', 'statement_import', false, '4e89a0a3-e9f0-406b-9ef4-a860b62478ac', 'stmt|2507|2026-06-12|8724.00||#004674', '2026-07-06 18:10:14.361226+00', '2026-07-06 18:10:14.361226+00', NULL, NULL, NULL),
	('9ce0bbd0-8977-46d9-97c2-384869eb2a01', 'ccda33c3-edb9-4b60-952a-f9cce53ed293', 'expense', 49916.00, 'ARS', NULL, NULL, NULL, '2026-06-12', '2026-06-25', 'DLO*Limpieza Cordoba', NULL, '89066a26-e2a9-4431-892d-554b09806eab', '7ed8379d-e149-4301-8775-95acabfb53ee', 'statement_import', false, '4e89a0a3-e9f0-406b-9ef4-a860b62478ac', 'stmt|2507|2026-06-12|49916.00||#667412', '2026-07-06 18:10:14.361226+00', '2026-07-06 18:10:14.361226+00', NULL, NULL, NULL),
	('3e7e3e9e-3fca-4b46-821d-901664503488', 'ccda33c3-edb9-4b60-952a-f9cce53ed293', 'expense', 4765.00, 'ARS', NULL, NULL, NULL, '2026-06-13', '2026-06-25', 'PAYU*AR*UBER', '73a3b3cb-4256-4353-b570-330004cf6f16', '89066a26-e2a9-4431-892d-554b09806eab', '7ed8379d-e149-4301-8775-95acabfb53ee', 'statement_import', false, '4e89a0a3-e9f0-406b-9ef4-a860b62478ac', 'stmt|2507|2026-06-13|4765.00||#005484', '2026-07-06 18:10:14.361226+00', '2026-07-06 18:10:14.361226+00', NULL, NULL, NULL),
	('6a13f01f-bc4a-4955-868c-a4adaa8b1ea0', 'ccda33c3-edb9-4b60-952a-f9cce53ed293', 'expense', 4291.00, 'ARS', NULL, NULL, NULL, '2026-06-15', '2026-06-25', 'PAYU*AR*UBER', '73a3b3cb-4256-4353-b570-330004cf6f16', '89066a26-e2a9-4431-892d-554b09806eab', '7ed8379d-e149-4301-8775-95acabfb53ee', 'statement_import', false, '4e89a0a3-e9f0-406b-9ef4-a860b62478ac', 'stmt|2507|2026-06-15|4291.00||#008638', '2026-07-06 18:10:14.361226+00', '2026-07-06 18:10:14.361226+00', NULL, NULL, NULL),
	('b0fb3c56-78ab-41f7-97cc-07a0ddb18eba', 'ccda33c3-edb9-4b60-952a-f9cce53ed293', 'expense', 5952.00, 'ARS', NULL, NULL, NULL, '2026-06-16', '2026-06-25', 'PAYU*AR*UBER', '73a3b3cb-4256-4353-b570-330004cf6f16', '89066a26-e2a9-4431-892d-554b09806eab', '7ed8379d-e149-4301-8775-95acabfb53ee', 'statement_import', false, '4e89a0a3-e9f0-406b-9ef4-a860b62478ac', 'stmt|2507|2026-06-16|5952.00||#008920', '2026-07-06 18:10:14.361226+00', '2026-07-06 18:10:14.361226+00', NULL, NULL, NULL),
	('8475a9ed-be33-47b8-88a3-b8ded2df21e7', 'ccda33c3-edb9-4b60-952a-f9cce53ed293', 'expense', 19999.00, 'ARS', NULL, NULL, NULL, '2026-06-17', '2026-06-25', 'NETFLIX.COM dUgXQHxzSz9ffDBXUg', 'f780ee38-c81c-4f63-8144-e372755d990f', '89066a26-e2a9-4431-892d-554b09806eab', '7ed8379d-e149-4301-8775-95acabfb53ee', 'statement_import', false, '4e89a0a3-e9f0-406b-9ef4-a860b62478ac', 'stmt|2507|2026-06-17|19999.00||#612721', '2026-07-06 18:10:14.361226+00', '2026-07-06 18:10:14.361226+00', NULL, NULL, NULL),
	('e72dc2af-0057-4e1b-a540-81d1a62b0069', 'ccda33c3-edb9-4b60-952a-f9cce53ed293', 'expense', 4853.00, 'ARS', NULL, NULL, NULL, '2026-06-18', '2026-06-25', 'PAYU*AR*UBER', '73a3b3cb-4256-4353-b570-330004cf6f16', '89066a26-e2a9-4431-892d-554b09806eab', '7ed8379d-e149-4301-8775-95acabfb53ee', 'statement_import', false, '4e89a0a3-e9f0-406b-9ef4-a860b62478ac', 'stmt|2507|2026-06-18|4853.00||#004348', '2026-07-06 18:10:14.361226+00', '2026-07-06 18:10:14.361226+00', NULL, NULL, NULL),
	('45eb7e81-d728-455a-850b-738ad12f9f83', 'ccda33c3-edb9-4b60-952a-f9cce53ed293', 'expense', 4750.00, 'ARS', NULL, NULL, NULL, '2026-06-18', '2026-06-25', 'PAYU*AR*UBER', '73a3b3cb-4256-4353-b570-330004cf6f16', '89066a26-e2a9-4431-892d-554b09806eab', '7ed8379d-e149-4301-8775-95acabfb53ee', 'statement_import', false, '4e89a0a3-e9f0-406b-9ef4-a860b62478ac', 'stmt|2507|2026-06-18|4750.00||#002347', '2026-07-06 18:10:14.361226+00', '2026-07-06 18:10:14.361226+00', NULL, NULL, NULL),
	('dfcbe0e2-a0f8-4a1e-98d5-4ddc4aedc08a', 'ccda33c3-edb9-4b60-952a-f9cce53ed293', 'expense', 4577.00, 'ARS', NULL, NULL, NULL, '2026-06-24', '2026-06-25', 'PAYU*AR*UBER', '73a3b3cb-4256-4353-b570-330004cf6f16', '89066a26-e2a9-4431-892d-554b09806eab', '7ed8379d-e149-4301-8775-95acabfb53ee', 'statement_import', false, '4e89a0a3-e9f0-406b-9ef4-a860b62478ac', 'stmt|2507|2026-06-24|4577.00||#000848', '2026-07-06 18:10:14.361226+00', '2026-07-06 18:10:14.361226+00', NULL, NULL, NULL),
	('1ffd3d4e-9600-464b-a4f3-427300dfc4e2', 'ccda33c3-edb9-4b60-952a-f9cce53ed293', 'expense', 5399.00, 'ARS', NULL, NULL, NULL, '2026-06-24', '2026-06-25', 'PAYU*AR*UBER', '73a3b3cb-4256-4353-b570-330004cf6f16', '89066a26-e2a9-4431-892d-554b09806eab', '7ed8379d-e149-4301-8775-95acabfb53ee', 'statement_import', false, '4e89a0a3-e9f0-406b-9ef4-a860b62478ac', 'stmt|2507|2026-06-24|5399.00||#002545', '2026-07-06 18:10:14.361226+00', '2026-07-06 18:10:14.361226+00', NULL, NULL, NULL),
	('83be9fdc-1dac-4f01-8313-c4f717fef47a', 'ccda33c3-edb9-4b60-952a-f9cce53ed293', 'expense', 8333.33, 'ARS', NULL, NULL, NULL, '2025-12-23', '2026-06-25', 'YENNY NUEVO CENTRO S C.06/06', NULL, '4a9c3402-ba10-4569-aa14-78af0917a49d', '7ed8379d-e149-4301-8775-95acabfb53ee', 'statement_import', false, '4e89a0a3-e9f0-406b-9ef4-a860b62478ac', 'stmt|2421|2025-12-23|8333.33||#127934', '2026-07-06 18:10:14.361226+00', '2026-07-06 18:10:14.361226+00', NULL, NULL, NULL),
	('28ebb05a-25c8-4d92-ad9f-29c444e487c2', 'ccda33c3-edb9-4b60-952a-f9cce53ed293', 'expense', 27767.62, 'ARS', NULL, NULL, NULL, '2026-06-09', '2026-06-25', 'SEGUROS SUDAME0000007750169-004-009', NULL, '4a9c3402-ba10-4569-aa14-78af0917a49d', '7ed8379d-e149-4301-8775-95acabfb53ee', 'statement_import', false, '4e89a0a3-e9f0-406b-9ef4-a860b62478ac', 'stmt|2421|2026-06-09|27767.62||#022005', '2026-07-06 18:10:14.361226+00', '2026-07-06 18:10:14.361226+00', NULL, NULL, NULL),
	('a705f4d8-90a0-43f6-94ac-0ce1d557a51f', 'ccda33c3-edb9-4b60-952a-f9cce53ed293', 'expense', 1613.00, 'ARS', NULL, NULL, NULL, '2026-06-20', '2026-06-25', 'NACION SEGUROS0120002489923-012-000', NULL, '4a9c3402-ba10-4569-aa14-78af0917a49d', '7ed8379d-e149-4301-8775-95acabfb53ee', 'statement_import', false, '4e89a0a3-e9f0-406b-9ef4-a860b62478ac', 'stmt|2421|2026-06-20|1613.00||#990099', '2026-07-06 18:10:14.361226+00', '2026-07-06 18:10:14.361226+00', NULL, NULL, NULL),
	('42091f85-ecd0-45f3-b90c-bf5e218f71f9', 'ccda33c3-edb9-4b60-952a-f9cce53ed293', 'expense', 9082.88, 'ARS', NULL, NULL, NULL, '2026-06-25', '2026-06-25', 'AFIP VEP 1644700848 20219', '40166800-6880-4ab4-9a98-8c8a232b8527', '4a9c3402-ba10-4569-aa14-78af0917a49d', '7ed8379d-e149-4301-8775-95acabfb53ee', 'statement_import', false, '4e89a0a3-e9f0-406b-9ef4-a860b62478ac', 'stmt|2421|2026-06-25|9082.88||#000258', '2026-07-06 18:10:14.361226+00', '2026-07-06 18:10:14.361226+00', NULL, NULL, NULL),
	('43a19e3a-4734-4123-be0c-a7d0b8ba773b', 'ccda33c3-edb9-4b60-952a-f9cce53ed293', 'expense', 25161.59, 'ARS', NULL, NULL, NULL, '2026-06-25', '2026-06-25', 'IMPUESTO DE SELLOS', '40166800-6880-4ab4-9a98-8c8a232b8527', NULL, '7ed8379d-e149-4301-8775-95acabfb53ee', 'statement_import', false, '4e89a0a3-e9f0-406b-9ef4-a860b62478ac', 'stmt|----|2026-06-25|25161.59||IMPUESTO DE SELLOS', '2026-07-06 18:10:14.361226+00', '2026-07-06 18:10:14.361226+00', NULL, NULL, NULL),
	('b692ffa7-a0cd-421c-92cb-79c3d55be63d', 'ccda33c3-edb9-4b60-952a-f9cce53ed293', 'expense', 44.37, 'ARS', NULL, NULL, NULL, '2026-06-25', '2026-06-25', 'IMPUESTO DE SELLOS P', '40166800-6880-4ab4-9a98-8c8a232b8527', NULL, '7ed8379d-e149-4301-8775-95acabfb53ee', 'statement_import', false, '4e89a0a3-e9f0-406b-9ef4-a860b62478ac', 'stmt|----|2026-06-25|44.37||IMPUESTO DE SELLOS P', '2026-07-06 18:10:14.361226+00', '2026-07-06 18:10:14.361226+00', NULL, NULL, NULL),
	('e8bda0cb-2b5f-4bcf-80ed-2bb71ddd574b', 'ccda33c3-edb9-4b60-952a-f9cce53ed293', 'expense', 3.00, 'ARS', NULL, NULL, NULL, '2026-06-25', '2026-06-25', 'IIBB PERCEP-CORD', NULL, NULL, '7ed8379d-e149-4301-8775-95acabfb53ee', 'statement_import', false, '4e89a0a3-e9f0-406b-9ef4-a860b62478ac', 'stmt|----|2026-06-25|3.00||IIBB PERCEP-CORD', '2026-07-06 18:10:14.361226+00', '2026-07-06 18:10:14.361226+00', NULL, NULL, NULL),
	('9f271d6d-5de8-4f1b-8607-2fd6172bac5b', 'ccda33c3-edb9-4b60-952a-f9cce53ed293', 'expense', 942.21, 'ARS', NULL, NULL, NULL, '2026-06-25', '2026-06-25', 'IVA RG 4240 21%( 22', '40166800-6880-4ab4-9a98-8c8a232b8527', NULL, '7ed8379d-e149-4301-8775-95acabfb53ee', 'statement_import', false, '4e89a0a3-e9f0-406b-9ef4-a860b62478ac', 'stmt|----|2026-06-25|942.21||IVA RG 4240 21%( 22', '2026-07-06 18:10:14.361226+00', '2026-07-06 18:10:14.361226+00', NULL, NULL, NULL),
	('4a8e7f16-abcf-4437-94ed-51b7485c64b3', 'ccda33c3-edb9-4b60-952a-f9cce53ed293', 'expense', 942.21, 'ARS', NULL, NULL, NULL, '2026-06-25', '2026-06-25', 'DB.RG 5617 30% ( 22', NULL, NULL, '7ed8379d-e149-4301-8775-95acabfb53ee', 'statement_import', false, '4e89a0a3-e9f0-406b-9ef4-a860b62478ac', 'stmt|----|2026-06-25|942.21||DB.RG 5617 30% ( 22', '2026-07-06 18:10:14.361226+00', '2026-07-06 18:10:14.361226+00', NULL, NULL, NULL),
	('3cd002ea-b8b2-4a31-acb2-71b484105e23', 'ccda33c3-edb9-4b60-952a-f9cce53ed293', 'expense', 45000.00, 'ARS', NULL, NULL, NULL, '2026-06-07', NULL, 'Buso U', '8f6daf95-d4fc-4e6c-8609-608ffb8efbd6', 'af31b0ba-c158-4704-9e18-7b60447855f0', '7ed8379d-e149-4301-8775-95acabfb53ee', 'manual', false, NULL, NULL, '2026-07-06 17:52:38.791939+00', '2026-07-06 18:18:36.32864+00', NULL, NULL, NULL),
	('9e4c0969-bc9c-4675-868c-5919beb5040b', 'ccda33c3-edb9-4b60-952a-f9cce53ed293', 'expense', 1500.00, 'ARS', NULL, NULL, NULL, '2026-06-03', '2026-06-25', 'NAC SE11/0923093600301', NULL, '7bdd6e01-6e34-428e-aa5e-c129acafd90e', '7ed8379d-e149-4301-8775-95acabfb53ee', 'statement_import', false, '75023d13-a5c5-4dd6-bff3-2df57b60ea9c', 'stmt|----|2026-06-03|1500.00||#05079', '2026-07-06 21:52:56.7257+00', '2026-07-06 21:52:56.7257+00', NULL, NULL, NULL),
	('5e10a18f-0467-4adf-a5d8-76fadc637d42', 'ccda33c3-edb9-4b60-952a-f9cce53ed293', 'expense', 24570.00, 'ARS', NULL, NULL, NULL, '2025-11-05', '2026-06-25', 'COMISION AAP', NULL, '7bdd6e01-6e34-428e-aa5e-c129acafd90e', '7ed8379d-e149-4301-8775-95acabfb53ee', 'statement_import', false, '75023d13-a5c5-4dd6-bff3-2df57b60ea9c', 'stmt|----|2025-11-05|24570.00|8/12|#06995', '2026-07-06 21:52:56.7257+00', '2026-07-06 21:52:56.7257+00', 8, 12, NULL),
	('6a1e0f5d-67a1-451e-9e9d-59530802b48d', 'ccda33c3-edb9-4b60-952a-f9cce53ed293', 'expense', 62245.70, 'ARS', NULL, NULL, NULL, '2026-05-27', '2026-06-25', 'HIPER CHANGOMAS CBA OE', '85a32e0e-aee2-46bf-b84a-80c1f0881153', '16d47862-cdbe-47b1-80c6-af23505d3e20', '7ed8379d-e149-4301-8775-95acabfb53ee', 'statement_import', false, '75023d13-a5c5-4dd6-bff3-2df57b60ea9c', 'stmt|----|2026-05-27|62245.70||#08695', '2026-07-06 21:52:56.7257+00', '2026-07-06 21:52:56.7257+00', NULL, NULL, NULL),
	('ba64e0f9-1a22-495f-8a08-791b35706aff', 'ccda33c3-edb9-4b60-952a-f9cce53ed293', 'expense', 32484.57, 'ARS', NULL, NULL, NULL, '2026-01-18', '2026-06-25', 'AEROLINEAS ARGENTINA', '73a3b3cb-4256-4353-b570-330004cf6f16', '16d47862-cdbe-47b1-80c6-af23505d3e20', '7ed8379d-e149-4301-8775-95acabfb53ee', 'statement_import', false, '75023d13-a5c5-4dd6-bff3-2df57b60ea9c', 'stmt|----|2026-01-18|32484.57|6/6|#00238', '2026-07-06 21:52:56.7257+00', '2026-07-06 21:52:56.7257+00', 6, 6, NULL),
	('50cad5af-f5d7-4cb5-907a-2449398f4154', 'ccda33c3-edb9-4b60-952a-f9cce53ed293', 'expense', 2969.00, 'ARS', NULL, NULL, NULL, '2026-01-18', '2026-06-25', 'ATRAPALO', NULL, '16d47862-cdbe-47b1-80c6-af23505d3e20', '7ed8379d-e149-4301-8775-95acabfb53ee', 'statement_import', false, '75023d13-a5c5-4dd6-bff3-2df57b60ea9c', 'stmt|----|2026-01-18|2969.00|6/6|#06919', '2026-07-06 21:52:56.7257+00', '2026-07-06 21:52:56.7257+00', 6, 6, NULL),
	('d63081af-8b0a-46c4-8748-5616dc6a5707', 'ccda33c3-edb9-4b60-952a-f9cce53ed293', 'expense', 4130.00, 'ARS', NULL, NULL, NULL, '2026-05-26', '2026-06-25', 'MERPAGO*SANATORIOALLE', '4bb74a85-68b5-4e7f-b780-a5657b04bff6', 'dd41d844-7450-4f39-bd92-00aad109fce9', '7ed8379d-e149-4301-8775-95acabfb53ee', 'statement_import', false, '75023d13-a5c5-4dd6-bff3-2df57b60ea9c', 'stmt|----|2026-05-26|4130.00||#02618', '2026-07-06 21:52:56.7257+00', '2026-07-06 21:52:56.7257+00', NULL, NULL, NULL),
	('0fff4236-0498-42c9-94e2-2ebcc9891542', 'ccda33c3-edb9-4b60-952a-f9cce53ed293', 'expense', 18211.00, 'ARS', NULL, NULL, NULL, '2026-05-26', '2026-06-25', 'MERPAGO*SANATORIOALLE', '4bb74a85-68b5-4e7f-b780-a5657b04bff6', 'dd41d844-7450-4f39-bd92-00aad109fce9', '7ed8379d-e149-4301-8775-95acabfb53ee', 'statement_import', false, '75023d13-a5c5-4dd6-bff3-2df57b60ea9c', 'stmt|----|2026-05-26|18211.00||#02619', '2026-07-06 21:52:56.7257+00', '2026-07-06 21:52:56.7257+00', NULL, NULL, NULL),
	('2ff041ba-2393-4b31-8c18-d3b5bbfdb2d0', 'ccda33c3-edb9-4b60-952a-f9cce53ed293', 'expense', 20000.00, 'ARS', NULL, NULL, NULL, '2026-05-26', '2026-06-25', 'MERPAGO*SANATORIOALLE', '4bb74a85-68b5-4e7f-b780-a5657b04bff6', 'dd41d844-7450-4f39-bd92-00aad109fce9', '7ed8379d-e149-4301-8775-95acabfb53ee', 'statement_import', false, '75023d13-a5c5-4dd6-bff3-2df57b60ea9c', 'stmt|----|2026-05-26|20000.00||#02620', '2026-07-06 21:52:56.7257+00', '2026-07-06 21:52:56.7257+00', NULL, NULL, NULL),
	('d9532a6c-6a97-4614-9cb9-72b4c2f05efa', 'ccda33c3-edb9-4b60-952a-f9cce53ed293', 'expense', 11500.00, 'ARS', NULL, NULL, NULL, '2026-05-30', '2026-06-25', 'MERPAGO*BLUE', NULL, 'dd41d844-7450-4f39-bd92-00aad109fce9', '7ed8379d-e149-4301-8775-95acabfb53ee', 'statement_import', false, '75023d13-a5c5-4dd6-bff3-2df57b60ea9c', 'stmt|----|2026-05-30|11500.00||#07840', '2026-07-06 21:52:56.7257+00', '2026-07-06 21:52:56.7257+00', NULL, NULL, NULL),
	('11363426-e321-4934-bd40-0a897f4baa1e', 'ccda33c3-edb9-4b60-952a-f9cce53ed293', 'expense', 169830.00, 'ARS', NULL, NULL, NULL, '2026-06-03', '2026-06-25', 'AGMA', NULL, 'dd41d844-7450-4f39-bd92-00aad109fce9', '7ed8379d-e149-4301-8775-95acabfb53ee', 'statement_import', false, '75023d13-a5c5-4dd6-bff3-2df57b60ea9c', 'stmt|----|2026-06-03|169830.00||#02218', '2026-07-06 21:52:56.7257+00', '2026-07-06 21:52:56.7257+00', NULL, NULL, NULL),
	('e8699c2e-c5b7-428e-9ac6-425c7ad0aec0', 'ccda33c3-edb9-4b60-952a-f9cce53ed293', 'expense', 4000.00, 'ARS', NULL, NULL, NULL, '2026-06-11', '2026-06-25', 'PARKING OULTON', NULL, 'dd41d844-7450-4f39-bd92-00aad109fce9', '7ed8379d-e149-4301-8775-95acabfb53ee', 'statement_import', false, '75023d13-a5c5-4dd6-bff3-2df57b60ea9c', 'stmt|----|2026-06-11|4000.00||#00349', '2026-07-06 21:52:56.7257+00', '2026-07-06 21:52:56.7257+00', NULL, NULL, NULL),
	('adfec1ff-21ff-42c1-8d49-6c3353868deb', 'ccda33c3-edb9-4b60-952a-f9cce53ed293', 'expense', 8250.00, 'ARS', NULL, NULL, NULL, '2026-06-25', '2026-06-25', 'LA GRANJA DE JUANI', NULL, 'dd41d844-7450-4f39-bd92-00aad109fce9', '7ed8379d-e149-4301-8775-95acabfb53ee', 'statement_import', false, '75023d13-a5c5-4dd6-bff3-2df57b60ea9c', 'stmt|----|2026-06-25|8250.00||#03896', '2026-07-06 21:52:56.7257+00', '2026-07-06 21:52:56.7257+00', NULL, NULL, NULL),
	('42754fbf-0dfe-46ae-ac7f-f33b77650bcd', 'ccda33c3-edb9-4b60-952a-f9cce53ed293', 'expense', 16085.00, 'ARS', NULL, NULL, NULL, '2026-06-26', '2026-07-02', 'DLO*PEDIDOSYA PUNT', '1f0a43ae-3296-461b-9924-fbddf4927bcd', '019e4205-9d0a-49bc-ad96-f9f88f687b7a', '7ed8379d-e149-4301-8775-95acabfb53ee', 'statement_import', false, '2775aa5d-e0d4-484e-8200-4dd5a6ffab6b', 'stmt|0282|2026-06-26|16085.00||#009315', '2026-07-06 18:03:50.61837+00', '2026-07-09 18:25:18.901684+00', NULL, NULL, NULL);


--
-- Data for Name: buckets; Type: TABLE DATA; Schema: storage; Owner: supabase_storage_admin
--

INSERT INTO "storage"."buckets" ("id", "name", "owner", "created_at", "updated_at", "public", "avif_autodetection", "file_size_limit", "allowed_mime_types", "owner_id", "type") VALUES
	('attachments', 'attachments', NULL, '2026-06-20 00:34:05.732231+00', '2026-06-20 00:34:05.732231+00', false, false, NULL, NULL, NULL, 'STANDARD');


--
-- Data for Name: buckets_analytics; Type: TABLE DATA; Schema: storage; Owner: supabase_storage_admin
--



--
-- Data for Name: buckets_vectors; Type: TABLE DATA; Schema: storage; Owner: supabase_storage_admin
--



--
-- Data for Name: objects; Type: TABLE DATA; Schema: storage; Owner: supabase_storage_admin
--

INSERT INTO "storage"."objects" ("id", "bucket_id", "name", "owner", "created_at", "updated_at", "last_accessed_at", "metadata", "version", "owner_id", "user_metadata") VALUES
	('db2eca2a-6ee5-414f-b7a3-b76ca3d7bcb1', 'attachments', 'd26e95a5-4290-4542-bdbd-7238b6fd0b9c/93e194dc-188e-4aa3-92a9-1d2877ff7fa6-VISA_Patagonia_may_2026.pdf', '7ed8379d-e149-4301-8775-95acabfb53ee', '2026-06-22 18:57:42.759529+00', '2026-06-22 18:57:42.759529+00', '2026-06-22 18:57:42.759529+00', '{"eTag": "\"6223655e19ac45713537f07af5784d55\"", "size": 249135, "mimetype": "application/pdf", "cacheControl": "max-age=3600", "lastModified": "2026-06-22T18:57:43.000Z", "contentLength": 249135, "httpStatusCode": 200}', '9b13f0c6-55f2-4bac-83e6-88875b2d55be', '7ed8379d-e149-4301-8775-95acabfb53ee', '{}'),
	('fc388086-61e9-41f6-872c-0a50cc8fe29f', 'attachments', 'd26e95a5-4290-4542-bdbd-7238b6fd0b9c/3e4e6288-ba7f-42fe-9c72-9bff311da9fd-MASTER_Patagonia_may_2026.pdf', '7ed8379d-e149-4301-8775-95acabfb53ee', '2026-06-22 19:11:25.817479+00', '2026-06-22 19:11:25.817479+00', '2026-06-22 19:11:25.817479+00', '{"eTag": "\"8078155d804ea4c71119e71bff9d02a4\"", "size": 58487, "mimetype": "application/pdf", "cacheControl": "max-age=3600", "lastModified": "2026-06-22T19:11:26.000Z", "contentLength": 58487, "httpStatusCode": 200}', '622c9851-5fce-41e0-9425-3a3723792915', '7ed8379d-e149-4301-8775-95acabfb53ee', '{}'),
	('bbc0d6b5-59f6-4f5c-905b-8fa089e27642', 'attachments', 'd26e95a5-4290-4542-bdbd-7238b6fd0b9c/311269df-c2c2-453a-9840-4e12b916968b-VISA_Patagonia_may_2026.pdf', '7ed8379d-e149-4301-8775-95acabfb53ee', '2026-06-22 19:12:50.476183+00', '2026-06-22 19:12:50.476183+00', '2026-06-22 19:12:50.476183+00', '{"eTag": "\"6223655e19ac45713537f07af5784d55\"", "size": 249135, "mimetype": "application/pdf", "cacheControl": "max-age=3600", "lastModified": "2026-06-22T19:12:51.000Z", "contentLength": 249135, "httpStatusCode": 200}', '5cf85ec1-7266-48da-80b2-3607ef01a4be', '7ed8379d-e149-4301-8775-95acabfb53ee', '{}'),
	('0b852dbb-2d74-455f-b911-178697ec8a28', 'attachments', 'd26e95a5-4290-4542-bdbd-7238b6fd0b9c/921a6eff-9f1b-4fea-b60b-6f5d66223221-CRE-PPL09098674162026-05-210000000_260529_202230.pdf', '7ed8379d-e149-4301-8775-95acabfb53ee', '2026-06-22 20:53:43.836447+00', '2026-06-22 20:53:43.836447+00', '2026-06-22 20:53:43.836447+00', '{"eTag": "\"fbcdce20278126af071699eb814dd88e\"", "size": 246128, "mimetype": "application/pdf", "cacheControl": "max-age=3600", "lastModified": "2026-06-22T20:53:44.000Z", "contentLength": 246128, "httpStatusCode": 200}', '896a19f6-16b9-43d4-93db-8353e2daa419', '7ed8379d-e149-4301-8775-95acabfb53ee', '{}'),
	('fcf4acf9-9dba-4882-b678-68a8df15a4ad', 'attachments', 'd26e95a5-4290-4542-bdbd-7238b6fd0b9c/042af116-633f-44ab-920d-6e2bb841d6ad-NATIVA_INTERNACIONAL_MC11-F_VTO_03-Jun-26_260529_202341.pdf', '7ed8379d-e149-4301-8775-95acabfb53ee', '2026-06-22 23:01:55.531924+00', '2026-06-22 23:01:55.531924+00', '2026-06-22 23:01:55.531924+00', '{"eTag": "\"df90b28d8c5d8f9029c4019159f35fd0\"", "size": 357576, "mimetype": "application/pdf", "cacheControl": "max-age=3600", "lastModified": "2026-06-22T23:01:56.000Z", "contentLength": 357576, "httpStatusCode": 200}', 'ee9e0c7e-cb2d-42cc-be43-c9a8596b952c', '7ed8379d-e149-4301-8775-95acabfb53ee', '{}'),
	('101766dc-6fd4-47b8-8f33-38a89a8717fd', 'attachments', 'd26e95a5-4290-4542-bdbd-7238b6fd0b9c/79384ee7-12a8-4984-ba6b-914a071d0d91-NATIVA_INTERNACIONAL_MC11-F_VTO_03-Jun-26_260529_202341.pdf', '7ed8379d-e149-4301-8775-95acabfb53ee', '2026-06-22 23:39:23.662132+00', '2026-06-22 23:39:23.662132+00', '2026-06-22 23:39:23.662132+00', '{"eTag": "\"df90b28d8c5d8f9029c4019159f35fd0\"", "size": 357576, "mimetype": "application/pdf", "cacheControl": "max-age=3600", "lastModified": "2026-06-22T23:39:24.000Z", "contentLength": 357576, "httpStatusCode": 200}', '411e5c72-98e0-4dce-9532-0ac26bf92fb6', '7ed8379d-e149-4301-8775-95acabfb53ee', '{}'),
	('4afdac91-c2a7-4c30-a730-57bc3c0bbe4b', 'attachments', 'd26e95a5-4290-4542-bdbd-7238b6fd0b9c/1776a153-2184-4989-85eb-ffba21e2ddd5-VISA_Patagonia_may_2026.pdf', '7ed8379d-e149-4301-8775-95acabfb53ee', '2026-06-22 23:42:12.923558+00', '2026-06-22 23:42:12.923558+00', '2026-06-22 23:42:12.923558+00', '{"eTag": "\"6223655e19ac45713537f07af5784d55\"", "size": 249135, "mimetype": "application/pdf", "cacheControl": "max-age=3600", "lastModified": "2026-06-22T23:42:13.000Z", "contentLength": 249135, "httpStatusCode": 200}', '5ba971f1-5a3b-491c-9993-7eb00ff7dbb4', '7ed8379d-e149-4301-8775-95acabfb53ee', '{}'),
	('ccf253d3-6fe7-4525-8915-21ded26ecc38', 'attachments', 'd26e95a5-4290-4542-bdbd-7238b6fd0b9c/9f7f5914-3e4c-4043-9e3e-7c6f294cc330-MASTER_Patagonia_may_2026.pdf', '7ed8379d-e149-4301-8775-95acabfb53ee', '2026-06-22 23:46:27.231818+00', '2026-06-22 23:46:27.231818+00', '2026-06-22 23:46:27.231818+00', '{"eTag": "\"8078155d804ea4c71119e71bff9d02a4\"", "size": 58487, "mimetype": "application/pdf", "cacheControl": "max-age=3600", "lastModified": "2026-06-22T23:46:28.000Z", "contentLength": 58487, "httpStatusCode": 200}', 'caf92732-5750-46b2-b70a-e810c49be9cc', '7ed8379d-e149-4301-8775-95acabfb53ee', '{}'),
	('640e779a-10c2-433b-8044-8b8a65c4f4d9', 'attachments', 'd26e95a5-4290-4542-bdbd-7238b6fd0b9c/4a60e7dd-14e9-48b6-be73-e2fb52a2f49d-VISA_Patagonia_may_2026.pdf', '7ed8379d-e149-4301-8775-95acabfb53ee', '2026-06-23 00:05:39.132045+00', '2026-06-23 00:05:39.132045+00', '2026-06-23 00:05:39.132045+00', '{"eTag": "\"6223655e19ac45713537f07af5784d55\"", "size": 249135, "mimetype": "application/pdf", "cacheControl": "max-age=3600", "lastModified": "2026-06-23T00:05:40.000Z", "contentLength": 249135, "httpStatusCode": 200}', '4c7f3602-ea28-42cd-aa7e-b423059cf025', '7ed8379d-e149-4301-8775-95acabfb53ee', '{}'),
	('aa5e1e68-f3a9-46e8-83ba-73b44c8846d7', 'attachments', 'd26e95a5-4290-4542-bdbd-7238b6fd0b9c/87a4c9d2-3456-47b3-8d15-998ed4da9a2a-MASTER_Patagonia_may_2026.pdf', '7ed8379d-e149-4301-8775-95acabfb53ee', '2026-06-23 00:06:45.463785+00', '2026-06-23 00:06:45.463785+00', '2026-06-23 00:06:45.463785+00', '{"eTag": "\"8078155d804ea4c71119e71bff9d02a4\"", "size": 58487, "mimetype": "application/pdf", "cacheControl": "max-age=3600", "lastModified": "2026-06-23T00:06:46.000Z", "contentLength": 58487, "httpStatusCode": 200}', 'cc925a35-4ab4-4f94-be09-8f3666e953fd', '7ed8379d-e149-4301-8775-95acabfb53ee', '{}'),
	('acea57d1-06cd-4635-b875-cbdc53a20ae0', 'attachments', 'd26e95a5-4290-4542-bdbd-7238b6fd0b9c/42a5e3fc-227a-43e5-8619-22c0b74e7040-CRE-PPL09098674162026-05-210000000_260529_202230.pdf', '7ed8379d-e149-4301-8775-95acabfb53ee', '2026-06-23 00:08:18.629853+00', '2026-06-23 00:08:18.629853+00', '2026-06-23 00:08:18.629853+00', '{"eTag": "\"fbcdce20278126af071699eb814dd88e\"", "size": 246128, "mimetype": "application/pdf", "cacheControl": "max-age=3600", "lastModified": "2026-06-23T00:08:19.000Z", "contentLength": 246128, "httpStatusCode": 200}', '5b7e325c-3132-4358-a360-71a0430f94df', '7ed8379d-e149-4301-8775-95acabfb53ee', '{}'),
	('e81bc5ce-f9aa-4fbc-b7aa-917c47a7282f', 'attachments', 'd26e95a5-4290-4542-bdbd-7238b6fd0b9c/2c3308b0-88f4-45d6-b9f0-8f68fa9dc72b-NATIVA_INTERNACIONAL_MC11-F_VTO_03-Jun-26_260529_202341.pdf', '7ed8379d-e149-4301-8775-95acabfb53ee', '2026-06-23 00:09:13.129646+00', '2026-06-23 00:09:13.129646+00', '2026-06-23 00:09:13.129646+00', '{"eTag": "\"df90b28d8c5d8f9029c4019159f35fd0\"", "size": 357576, "mimetype": "application/pdf", "cacheControl": "max-age=3600", "lastModified": "2026-06-23T00:09:14.000Z", "contentLength": 357576, "httpStatusCode": 200}', '4445385c-cfaf-428d-9b11-69c16296a0db', '7ed8379d-e149-4301-8775-95acabfb53ee', '{}'),
	('9221257b-7e3f-4ee4-8847-efdf9e59aa2a', 'attachments', 'd26e95a5-4290-4542-bdbd-7238b6fd0b9c/45961b40-a37e-491e-a319-4d0316819509-WhatsApp Image 2026-06-05 at 00.56.24.jpeg', '7ed8379d-e149-4301-8775-95acabfb53ee', '2026-06-23 00:14:30.680498+00', '2026-06-23 00:14:30.680498+00', '2026-06-23 00:14:30.680498+00', '{"eTag": "\"9285ca98524c07fa04a4e1958e3c015d\"", "size": 73255, "mimetype": "image/jpeg", "cacheControl": "max-age=3600", "lastModified": "2026-06-23T00:14:31.000Z", "contentLength": 73255, "httpStatusCode": 200}', 'ad09dfec-6479-4517-b777-bcf8bb07870b', '7ed8379d-e149-4301-8775-95acabfb53ee', '{}'),
	('521d4bb4-44eb-4939-a50d-c8993339475a', 'attachments', 'd26e95a5-4290-4542-bdbd-7238b6fd0b9c/eead9cd5-875a-4a64-9fd3-57728b7cb44f-WhatsApp Image 2026-06-05 at 00.58.19.jpeg', '7ed8379d-e149-4301-8775-95acabfb53ee', '2026-06-23 00:15:02.229028+00', '2026-06-23 00:15:02.229028+00', '2026-06-23 00:15:02.229028+00', '{"eTag": "\"1478f78b7300665316bd2ce676651667\"", "size": 73426, "mimetype": "image/jpeg", "cacheControl": "max-age=3600", "lastModified": "2026-06-23T00:15:03.000Z", "contentLength": 73426, "httpStatusCode": 200}', '426d9267-63e1-4e49-960b-b276e3f21cfd', '7ed8379d-e149-4301-8775-95acabfb53ee', '{}'),
	('19c10eed-8623-43ac-a473-6b3280f3f47a', 'attachments', 'd26e95a5-4290-4542-bdbd-7238b6fd0b9c/6176889f-f2a6-4034-85e7-0405069a37d3-WhatsApp Image 2026-06-05 at 00.56.24.jpeg', '7ed8379d-e149-4301-8775-95acabfb53ee', '2026-06-23 02:04:32.728481+00', '2026-06-23 02:04:32.728481+00', '2026-06-23 02:04:32.728481+00', '{"eTag": "\"9285ca98524c07fa04a4e1958e3c015d\"", "size": 73255, "mimetype": "image/jpeg", "cacheControl": "max-age=3600", "lastModified": "2026-06-23T02:04:33.000Z", "contentLength": 73255, "httpStatusCode": 200}', '0727a3d9-25f3-4c6c-9b50-56d2a1f0ddac', '7ed8379d-e149-4301-8775-95acabfb53ee', '{}'),
	('4b5a46a6-997f-4ce5-b327-d6eedb309ef6', 'attachments', 'd26e95a5-4290-4542-bdbd-7238b6fd0b9c/16fd281a-9b89-45a3-9f91-3ce1ca682bc1-NATIVA_INTERNACIONAL_MC11-F_VTO_03-Jun-26_260529_202341.pdf', '7ed8379d-e149-4301-8775-95acabfb53ee', '2026-06-23 17:57:59.913041+00', '2026-06-23 17:57:59.913041+00', '2026-06-23 17:57:59.913041+00', '{"eTag": "\"df90b28d8c5d8f9029c4019159f35fd0\"", "size": 357576, "mimetype": "application/pdf", "cacheControl": "max-age=3600", "lastModified": "2026-06-23T17:58:00.000Z", "contentLength": 357576, "httpStatusCode": 200}', '726a39f9-7de9-4c4f-94c2-a4fb665fa73c', '7ed8379d-e149-4301-8775-95acabfb53ee', '{}'),
	('9ccd92b7-8607-4f94-b1e7-01351712ba30', 'attachments', 'd26e95a5-4290-4542-bdbd-7238b6fd0b9c/b8532dc8-e5cf-4d11-bd01-2232203c399f-VISA_Patagonia_may_2026.pdf', '7ed8379d-e149-4301-8775-95acabfb53ee', '2026-06-23 17:58:36.879976+00', '2026-06-23 17:58:36.879976+00', '2026-06-23 17:58:36.879976+00', '{"eTag": "\"6223655e19ac45713537f07af5784d55\"", "size": 249135, "mimetype": "application/pdf", "cacheControl": "max-age=3600", "lastModified": "2026-06-23T17:58:37.000Z", "contentLength": 249135, "httpStatusCode": 200}', 'ff20e347-0dad-4bf4-9862-542508948cff', '7ed8379d-e149-4301-8775-95acabfb53ee', '{}'),
	('d9f8db3d-e0f7-47cf-a907-c7993c681faa', 'attachments', 'd26e95a5-4290-4542-bdbd-7238b6fd0b9c/9dd201b3-b608-47b1-a1df-89131e80f0fe-WhatsApp Image 2026-06-05 at 00.58.19.jpeg', '7ed8379d-e149-4301-8775-95acabfb53ee', '2026-06-23 17:59:15.475523+00', '2026-06-23 17:59:15.475523+00', '2026-06-23 17:59:15.475523+00', '{"eTag": "\"1478f78b7300665316bd2ce676651667\"", "size": 73426, "mimetype": "image/jpeg", "cacheControl": "max-age=3600", "lastModified": "2026-06-23T17:59:16.000Z", "contentLength": 73426, "httpStatusCode": 200}', '4d9e5819-9747-42aa-9960-3b58c8d560d3', '7ed8379d-e149-4301-8775-95acabfb53ee', '{}'),
	('432548f3-1551-42b2-998e-1660bc8a4044', 'attachments', 'd26e95a5-4290-4542-bdbd-7238b6fd0b9c/5a7a034c-ee57-4181-9775-94c0cde011b2-WhatsApp Image 2026-06-05 at 00.56.24.jpeg', '7ed8379d-e149-4301-8775-95acabfb53ee', '2026-06-23 17:59:48.492764+00', '2026-06-23 17:59:48.492764+00', '2026-06-23 17:59:48.492764+00', '{"eTag": "\"9285ca98524c07fa04a4e1958e3c015d\"", "size": 73255, "mimetype": "image/jpeg", "cacheControl": "max-age=3600", "lastModified": "2026-06-23T17:59:49.000Z", "contentLength": 73255, "httpStatusCode": 200}', 'aa45b011-d2f9-474e-93ad-175d05c1e3c9', '7ed8379d-e149-4301-8775-95acabfb53ee', '{}'),
	('13c54c8f-86f2-40ea-8750-24956fe8f837', 'attachments', 'd26e95a5-4290-4542-bdbd-7238b6fd0b9c/b36b4499-6764-4fc6-a3ea-4ad9534eea58-MASTER_Patagonia_may_2026.pdf', '7ed8379d-e149-4301-8775-95acabfb53ee', '2026-06-23 18:00:19.738353+00', '2026-06-23 18:00:19.738353+00', '2026-06-23 18:00:19.738353+00', '{"eTag": "\"8078155d804ea4c71119e71bff9d02a4\"", "size": 58487, "mimetype": "application/pdf", "cacheControl": "max-age=3600", "lastModified": "2026-06-23T18:00:20.000Z", "contentLength": 58487, "httpStatusCode": 200}', 'a1ab93ad-089c-42b5-b5f9-4f06822da6c3', '7ed8379d-e149-4301-8775-95acabfb53ee', '{}'),
	('bb77a545-4839-4e87-8dc4-7a5b5c2b8f6d', 'attachments', 'd26e95a5-4290-4542-bdbd-7238b6fd0b9c/afcca1a3-1316-45a1-a20a-807e889f636a-WhatsApp Image 2026-06-05 at 00.58.19.jpeg', '7ed8379d-e149-4301-8775-95acabfb53ee', '2026-06-23 18:02:13.917736+00', '2026-06-23 18:02:13.917736+00', '2026-06-23 18:02:13.917736+00', '{"eTag": "\"1478f78b7300665316bd2ce676651667\"", "size": 73426, "mimetype": "image/jpeg", "cacheControl": "max-age=3600", "lastModified": "2026-06-23T18:02:14.000Z", "contentLength": 73426, "httpStatusCode": 200}', '88b34651-4e2f-4d07-b8b0-96f4c9055c55', '7ed8379d-e149-4301-8775-95acabfb53ee', '{}'),
	('40756923-e67c-4d88-82ac-86a949d2a082', 'attachments', 'd26e95a5-4290-4542-bdbd-7238b6fd0b9c/8adf6013-0396-42c8-8f57-60ce895387cd-WhatsApp Image 2026-06-05 at 00.56.24.jpeg', '7ed8379d-e149-4301-8775-95acabfb53ee', '2026-06-23 18:02:51.338343+00', '2026-06-23 18:02:51.338343+00', '2026-06-23 18:02:51.338343+00', '{"eTag": "\"9285ca98524c07fa04a4e1958e3c015d\"", "size": 73255, "mimetype": "image/jpeg", "cacheControl": "max-age=3600", "lastModified": "2026-06-23T18:02:52.000Z", "contentLength": 73255, "httpStatusCode": 200}', '1cc0636a-3523-497e-9b7a-0f5bc9d466d0', '7ed8379d-e149-4301-8775-95acabfb53ee', '{}'),
	('f6c21aeb-c72d-405f-afe5-46c062f928f9', 'attachments', 'd26e95a5-4290-4542-bdbd-7238b6fd0b9c/cdfe8c82-23dd-4395-939c-2527c90d2a4a-comprobante2.jpg', '7ed8379d-e149-4301-8775-95acabfb53ee', '2026-06-23 19:15:23.320395+00', '2026-06-23 19:15:23.320395+00', '2026-06-23 19:15:23.320395+00', '{"eTag": "\"b36fef1d9e8628316169bc1cac60cf5f\"", "size": 18, "mimetype": "image/jpeg", "cacheControl": "max-age=3600", "lastModified": "2026-06-23T19:15:24.000Z", "contentLength": 18, "httpStatusCode": 200}', '82a43560-bc2e-4ba9-a1a8-2320ed28cfab', '7ed8379d-e149-4301-8775-95acabfb53ee', '{}'),
	('f37b9a32-f1f9-43b5-b5ff-05856d810b3d', 'attachments', 'd26e95a5-4290-4542-bdbd-7238b6fd0b9c/ace8c639-08f7-466d-b2e7-924749eafb44-NATIVA_INTERNACIONAL_MC11-F_VTO_03-Jun-26_260529_202341.pdf', '7ed8379d-e149-4301-8775-95acabfb53ee', '2026-06-23 19:42:45.429102+00', '2026-06-23 19:42:45.429102+00', '2026-06-23 19:42:45.429102+00', '{"eTag": "\"df90b28d8c5d8f9029c4019159f35fd0\"", "size": 357576, "mimetype": "application/pdf", "cacheControl": "max-age=3600", "lastModified": "2026-06-23T19:42:46.000Z", "contentLength": 357576, "httpStatusCode": 200}', '8d1db20a-c30c-4f3a-b4f4-b6a9a24e4aab', '7ed8379d-e149-4301-8775-95acabfb53ee', '{}'),
	('9beaf199-3495-43f5-8fa9-47351e8a2fda', 'attachments', 'd26e95a5-4290-4542-bdbd-7238b6fd0b9c/e928e76e-a076-4e99-859b-9a8620275cab-VISA_Patagonia_may_2026.pdf', '7ed8379d-e149-4301-8775-95acabfb53ee', '2026-06-23 19:46:07.946343+00', '2026-06-23 19:46:07.946343+00', '2026-06-23 19:46:07.946343+00', '{"eTag": "\"6223655e19ac45713537f07af5784d55\"", "size": 249135, "mimetype": "application/pdf", "cacheControl": "max-age=3600", "lastModified": "2026-06-23T19:46:08.000Z", "contentLength": 249135, "httpStatusCode": 200}', '21873cb6-af51-4cb8-a2dc-9d5dfd60881e', '7ed8379d-e149-4301-8775-95acabfb53ee', '{}'),
	('9d81a097-260d-496c-8530-d729b621b6e9', 'attachments', 'd26e95a5-4290-4542-bdbd-7238b6fd0b9c/a6979bfd-1887-4f39-9e32-936d0ebc78e4-CRE-PPL09098674162026-05-210000000_260529_202230.pdf', '7ed8379d-e149-4301-8775-95acabfb53ee', '2026-06-23 19:46:59.789376+00', '2026-06-23 19:46:59.789376+00', '2026-06-23 19:46:59.789376+00', '{"eTag": "\"fbcdce20278126af071699eb814dd88e\"", "size": 246128, "mimetype": "application/pdf", "cacheControl": "max-age=3600", "lastModified": "2026-06-23T19:47:00.000Z", "contentLength": 246128, "httpStatusCode": 200}', '574c9f69-bd4a-42d3-ae4c-797cbb5e348c', '7ed8379d-e149-4301-8775-95acabfb53ee', '{}'),
	('29a3d7c5-557d-4c08-96d2-c4929718792d', 'attachments', 'd26e95a5-4290-4542-bdbd-7238b6fd0b9c/8286949f-ea2d-4a11-b0a4-6d5de7e77b3b-WhatsApp Image 2026-06-05 at 00.56.24.jpeg', '7ed8379d-e149-4301-8775-95acabfb53ee', '2026-06-27 02:05:35.853502+00', '2026-06-27 02:05:35.853502+00', '2026-06-27 02:05:35.853502+00', '{"eTag": "\"9285ca98524c07fa04a4e1958e3c015d\"", "size": 73255, "mimetype": "image/jpeg", "cacheControl": "max-age=3600", "lastModified": "2026-06-27T02:05:36.000Z", "contentLength": 73255, "httpStatusCode": 200}', 'e4a298b4-f0a6-401d-a139-a217dfff5762', '7ed8379d-e149-4301-8775-95acabfb53ee', '{}'),
	('6ed5328b-57cf-4abf-952a-40c7e22cca41', 'attachments', 'ccda33c3-edb9-4b60-952a-f9cce53ed293/2fb06c12-0b53-4817-a088-52ad8cb25d79-WhatsApp Image 2026-06-05 at 00.56.24.jpeg', '7ed8379d-e149-4301-8775-95acabfb53ee', '2026-07-06 17:57:25.251926+00', '2026-07-06 17:57:25.251926+00', '2026-07-06 17:57:25.251926+00', '{"eTag": "\"9285ca98524c07fa04a4e1958e3c015d\"", "size": 73255, "mimetype": "image/jpeg", "cacheControl": "max-age=3600", "lastModified": "2026-07-06T17:57:26.000Z", "contentLength": 73255, "httpStatusCode": 200}', '02ca754b-33fc-4c16-a457-f1e63d67e077', '7ed8379d-e149-4301-8775-95acabfb53ee', '{}'),
	('e2fee20f-4864-4183-9544-122da34e2fea', 'attachments', 'ccda33c3-edb9-4b60-952a-f9cce53ed293/93d77f02-36a8-4f3c-9544-9400063200d1-WhatsApp Image 2026-07-02 at 16.25.51.jpeg', '7ed8379d-e149-4301-8775-95acabfb53ee', '2026-07-06 17:58:53.102405+00', '2026-07-06 17:58:53.102405+00', '2026-07-06 17:58:53.102405+00', '{"eTag": "\"780d90a1792953400d38b6e2970693e6\"", "size": 106234, "mimetype": "image/jpeg", "cacheControl": "max-age=3600", "lastModified": "2026-07-06T17:58:54.000Z", "contentLength": 106234, "httpStatusCode": 200}', '6df2af32-05ae-4a0d-b397-97a6aa6e8d7c', '7ed8379d-e149-4301-8775-95acabfb53ee', '{}'),
	('506ea56b-1942-479f-a7c6-b4f6ad802c2a', 'attachments', 'ccda33c3-edb9-4b60-952a-f9cce53ed293/55e79454-d159-416b-8804-e554efc9da0f-WhatsApp Image 2026-06-05 at 00.58.19.jpeg', '7ed8379d-e149-4301-8775-95acabfb53ee', '2026-07-06 17:59:46.123613+00', '2026-07-06 17:59:46.123613+00', '2026-07-06 17:59:46.123613+00', '{"eTag": "\"1478f78b7300665316bd2ce676651667\"", "size": 73426, "mimetype": "image/jpeg", "cacheControl": "max-age=3600", "lastModified": "2026-07-06T17:59:47.000Z", "contentLength": 73426, "httpStatusCode": 200}', '2ed04b0c-77e7-4e93-a512-0cea02eaf320', '7ed8379d-e149-4301-8775-95acabfb53ee', '{}'),
	('1948fe74-b879-4c2b-86b7-1a13403dcbe0', 'attachments', 'ccda33c3-edb9-4b60-952a-f9cce53ed293/879f86ed-c10c-4b11-8821-b81b47809413-WhatsApp Image 2026-07-06 at 11.54.37.jpeg', '7ed8379d-e149-4301-8775-95acabfb53ee', '2026-07-06 18:01:14.402645+00', '2026-07-06 18:01:14.402645+00', '2026-07-06 18:01:14.402645+00', '{"eTag": "\"96d610a375fdaf3e0e8434113720eef9\"", "size": 76210, "mimetype": "image/jpeg", "cacheControl": "max-age=3600", "lastModified": "2026-07-06T18:01:15.000Z", "contentLength": 76210, "httpStatusCode": 200}', '5ea964f7-d091-48a9-8218-c1120a023bbd', '7ed8379d-e149-4301-8775-95acabfb53ee', '{}'),
	('e28a4a46-e103-4ab5-b0cd-6bb981a3737a', 'attachments', 'ccda33c3-edb9-4b60-952a-f9cce53ed293/2512c17b-f702-45ea-b332-57584fad03ce-Patagonia_Mastercard-2026-07-02-1346795740.pdf', '7ed8379d-e149-4301-8775-95acabfb53ee', '2026-07-06 18:03:50.307143+00', '2026-07-06 18:03:50.307143+00', '2026-07-06 18:03:50.307143+00', '{"eTag": "\"96eacb013c4b646eb742108b0b33a0ce\"", "size": 65993, "mimetype": "application/pdf", "cacheControl": "max-age=3600", "lastModified": "2026-07-06T18:03:51.000Z", "contentLength": 65993, "httpStatusCode": 200}', 'd6b5c5b4-29eb-4147-9f9a-a0174b95f223', '7ed8379d-e149-4301-8775-95acabfb53ee', '{}'),
	('9a5eadd4-8941-4783-a079-346e24a0942f', 'attachments', 'ccda33c3-edb9-4b60-952a-f9cce53ed293/7cf5ea36-17bc-49ba-9f09-14598d4ceba4-Patagonia_Visa-2026-07-02-0378994987.pdf', '7ed8379d-e149-4301-8775-95acabfb53ee', '2026-07-06 18:05:51.149459+00', '2026-07-06 18:05:51.149459+00', '2026-07-06 18:05:51.149459+00', '{"eTag": "\"e741e04462c4425be36a807d5d90bb3c\"", "size": 103386, "mimetype": "application/pdf", "cacheControl": "max-age=3600", "lastModified": "2026-07-06T18:05:52.000Z", "contentLength": 103386, "httpStatusCode": 200}', '877fc878-5224-4e61-bf96-eef2a1298dd1', '7ed8379d-e149-4301-8775-95acabfb53ee', '{}'),
	('41ac935c-dd9c-479e-9146-145dfe374637', 'attachments', 'ccda33c3-edb9-4b60-952a-f9cce53ed293/ae185ec1-a2c7-44e7-a8bb-9e5a15ecb579-BNA_VISA_72287_0909867416 (1).pdf', '7ed8379d-e149-4301-8775-95acabfb53ee', '2026-07-06 18:10:14.138802+00', '2026-07-06 18:10:14.138802+00', '2026-07-06 18:10:14.138802+00', '{"eTag": "\"98265390bf3b846ae7ee8510658e3212\"", "size": 387735, "mimetype": "application/pdf", "cacheControl": "max-age=3600", "lastModified": "2026-07-06T18:10:15.000Z", "contentLength": 387735, "httpStatusCode": 200}', '8f148a86-f90c-4efa-9a93-bf2135ddaafa', '7ed8379d-e149-4301-8775-95acabfb53ee', '{}'),
	('0d3acc2f-72f3-452c-8274-f04dfa8c185a', 'attachments', 'ccda33c3-edb9-4b60-952a-f9cce53ed293/cdfd89fa-029e-4428-a875-b5bcaf2e6feb-BNA_Master89338_0064961 (1).pdf', '7ed8379d-e149-4301-8775-95acabfb53ee', '2026-07-06 21:52:56.109824+00', '2026-07-06 21:52:56.109824+00', '2026-07-06 21:52:56.109824+00', '{"eTag": "\"1490731e3a1955b40991e1e6cf450afc\"", "size": 480843, "mimetype": "application/pdf", "cacheControl": "max-age=3600", "lastModified": "2026-07-06T21:52:56.000Z", "contentLength": 480843, "httpStatusCode": 200}', '1445d88f-a989-418c-b499-c328f594693f', '7ed8379d-e149-4301-8775-95acabfb53ee', '{}');


--
-- Data for Name: s3_multipart_uploads; Type: TABLE DATA; Schema: storage; Owner: supabase_storage_admin
--



--
-- Data for Name: s3_multipart_uploads_parts; Type: TABLE DATA; Schema: storage; Owner: supabase_storage_admin
--



--
-- Data for Name: vector_indexes; Type: TABLE DATA; Schema: storage; Owner: supabase_storage_admin
--



--
-- Name: refresh_tokens_id_seq; Type: SEQUENCE SET; Schema: auth; Owner: supabase_auth_admin
--

SELECT pg_catalog.setval('"auth"."refresh_tokens_id_seq"', 97, true);


--
-- PostgreSQL database dump complete
--

-- \unrestrict Bbk1TwKi21hHTNwPjCuDCbjW64Q634DmpY2dX2ybKwFud1dadcDgRgcRLnv6lMW

RESET ALL;
